date_time,brawler_name,result,current_trophies,trophy_delta,new_winstreak,playstyle_hash,playstyle_name,playstyle_gamemodes,playstyle_brawlers,pyla_version,power_level
,,,,,,,,,,,
,,,,,,,,,,,
,,,,,,,,,,,
,,,,,,,,,,,
,,,,,,,,,,,
,,,,,,,,,,,
,,,,,,,,,,,
,,,,,,,,,,,
,,,,,,,,,,,
,,,,,,,,,,,
,,,,,,,,,,,
,,,,,,,,,,,
,,,,,,,,,,,
,,,,,,,,,,,
,,,,,,,,,,,
,,,,,,,,,,,
,,,,,,,,,,,
,,,,,,,,,,,
,,,,,,,,,,,
,,,,,,,,,,,
,,,,,,,,,,,
,,,,,,,,,,,
,,,,,,,,,,,
,,,,,,,,,,,
,,,,,,,,,,,
,,,,,,,,,,,
,,,,,,,,,,,
,,,,,,,,,,,
,,,,,,,,,,,
,,,,,,,,,,,
,,,,,,,,,,,
,,,,,,,,,,,
,,,,,,,,,,,
,,,,,,,,,,,
,,,,,,,,,,,
,,,,,,,,,,,
,,,,,,,,,,,
,,,,,,,,,,,
,,,,,,,,,,,
,,,,,,,,,,,
,,,,,,,,,,,
,,,,,,,,,,,
,,,,,,,,,,,
,,,,,,,,,,,
,,,,,,,,,,,
,,,,,,,,,,,
,,,,,,,,,,,
,,,,,,,,,,,
,,,,,,,,,,,
,,,,,,,,,,,
,,,,,,,,,,,
,,,,,,,,,,,
,,,,,,,,,,,
2026-09-09T07:51:53.089876,shelly,draw,644,1,0,f5da7256b07f5b01f7497e9506944334a116189821bd5a0fb8b6f7420e8eae33,Showdown Survivor,trio showdown,all,0.8.15,-1
2026-09-09T07:53:00.616002,shelly,defeat,645,-3,0,f5da7256b07f5b01f7497e9506944334a116189821bd5a0fb8b6f7420e8eae33,Showdown Survivor,trio showdown,all,0.8.15,-1
2026-09-09T07:54:29.587393,shelly,victory,642,11,1,f5da7256b07f5b01f7497e9506944334a116189821bd5a0fb8b6f7420e8eae33,Showdown Survivor,trio showdown,all,0.8.15,-1
2026-09-09T07:55:55.507267,shelly,draw,653,1,1,f5da7256b07f5b01f7497e9506944334a116189821bd5a0fb8b6f7420e8eae33,Showdown Survivor,trio showdown,all,0.8.15,-1
2026-09-09T07:58:01.424891,shelly,draw,654,1,1,f5da7256b07f5b01f7497e9506944334a116189821bd5a0fb8b6f7420e8eae33,Showdown Survivor,trio showdown,all,0.8.15,-1
2026-09-09T13:26:34.336536,shelly,defeat,655,-3,0,f5da7256b07f5b01f7497e9506944334a116189821bd5a0fb8b6f7420e8eae33,Showdown Survivor,trio showdown,all,0.8.15,-1
2026-09-09T13:28:12.678416,shelly,defeat,652,-3,0,f5da7256b07f5b01f7497e9506944334a116189821bd5a0fb8b6f7420e8eae33,Showdown Survivor,trio showdown,all,0.8.15,-1
2026-09-09T13:38:20.809524,shelly,defeat,649,-3,0,f5da7256b07f5b01f7497e9506944334a116189821bd5a0fb8b6f7420e8eae33,Showdown Survivor,trio showdown,all,0.8.15,-1
2026-09-09T13:41:13.743506,shelly,victory,646,5,1,f5da7256b07f5b01f7497e9506944334a116189821bd5a0fb8b6f7420e8eae33,Showdown Survivor,trio showdown,all,0.8.15,-1
2026-09-09T13:50:21.479573,shelly,victory,651,6,2,f5da7256b07f5b01f7497e9506944334a116189821bd5a0fb8b6f7420e8eae33,Showdown Survivor,trio showdown,all,0.8.15,-1
2026-09-09T13:52:19.435511,shelly,victory,657,7,3,f5da7256b07f5b01f7497e9506944334a116189821bd5a0fb8b6f7420e8eae33,Showdown Survivor,trio showdown,all,0.8.15,-1
2026-09-09T13:54:13.676716,shelly,defeat,664,-3,0,f5da7256b07f5b01f7497e9506944334a116189821bd5a0fb8b6f7420e8eae33,Showdown Survivor,trio showdown,all,0.8.15,-1
2026-09-09T13:55:54.688073,shelly,victory,661,5,1,f5da7256b07f5b01f7497e9506944334a116189821bd5a0fb8b6f7420e8eae33,Showdown Survivor,trio showdown,all,0.8.15,-1
2026-09-09T13:59:35.449627,shelly,draw,666,1,1,f5da7256b07f5b01f7497e9506944334a116189821bd5a0fb8b6f7420e8eae33,Showdown Survivor,trio showdown,all,0.8.15,-1
2026-09-09T14:02:17.423903,shelly,victory,667,6,2,f5da7256b07f5b01f7497e9506944334a116189821bd5a0fb8b6f7420e8eae33,Showdown Survivor,trio showdown,all,0.8.15,-1
2026-09-09T14:04:16.978094,shelly,draw,673,1,2,f5da7256b07f5b01f7497e9506944334a116189821bd5a0fb8b6f7420e8eae33,Showdown Survivor,trio showdown,all,0.8.15,-1
2026-09-09T14:05:34.153692,shelly,draw,674,1,2,f5da7256b07f5b01f7497e9506944334a116189821bd5a0fb8b6f7420e8eae33,Showdown Survivor,trio showdown,all,0.8.15,-1
2026-09-09T14:06:51.223122,shelly,draw,675,1,2,f5da7256b07f5b01f7497e9506944334a116189821bd5a0fb8b6f7420e8eae33,Showdown Survivor,trio showdown,all,0.8.15,-1
2026-09-09T14:08:50.465252,shelly,victory,676,13,3,f5da7256b07f5b01f7497e9506944334a116189821bd5a0fb8b6f7420e8eae33,Showdown Survivor,trio showdown,all,0.8.15,-1
2026-09-09T14:10:16.543043,shelly,defeat,689,-3,0,f5da7256b07f5b01f7497e9506944334a116189821bd5a0fb8b6f7420e8eae33,Showdown Survivor,trio showdown,all,0.8.15,-1
2026-09-09T14:12:18.923940,shelly,victory,686,5,1,f5da7256b07f5b01f7497e9506944334a116189821bd5a0fb8b6f7420e8eae33,Showdown Survivor,trio showdown,all,0.8.15,-1
2026-09-09T14:14:24.271113,shelly,victory,691,6,2,f5da7256b07f5b01f7497e9506944334a116189821bd5a0fb8b6f7420e8eae33,Showdown Survivor,trio showdown,all,0.8.15,-1
2026-09-09T14:16:45.180026,shelly,victory,697,7,3,f5da7256b07f5b01f7497e9506944334a116189821bd5a0fb8b6f7420e8eae33,Showdown Survivor,trio showdown,all,0.8.15,-1
2026-09-09T14:19:58.341029,shelly,victory,704,14,4,f5da7256b07f5b01f7497e9506944334a116189821bd5a0fb8b6f7420e8eae33,Showdown Survivor,trio showdown,all,0.8.15,-1
2026-09-09T14:22:06.884055,shelly,defeat,718,-3,0,f5da7256b07f5b01f7497e9506944334a116189821bd5a0fb8b6f7420e8eae33,Showdown Survivor,trio showdown,all,0.8.15,-1
2026-09-09T14:23:58.285620,shelly,defeat,715,-3,0,f5da7256b07f5b01f7497e9506944334a116189821bd5a0fb8b6f7420e8eae33,Showdown Survivor,trio showdown,all,0.8.15,-1
2026-09-09T14:33:20.059989,shelly,victory,712,11,1,f5da7256b07f5b01f7497e9506944334a116189821bd5a0fb8b6f7420e8eae33,Showdown Survivor,trio showdown,all,0.8.15,-1
2026-09-09T14:37:57.550154,shelly,defeat,723,-3,0,f5da7256b07f5b01f7497e9506944334a116189821bd5a0fb8b6f7420e8eae33,Showdown Survivor,trio showdown,all,0.8.15,-1
2026-09-09T14:39:15.308528,shelly,defeat,720,-3,0,f5da7256b07f5b01f7497e9506944334a116189821bd5a0fb8b6f7420e8eae33,Showdown Survivor,trio showdown,all,0.8.15,-1
2026-09-09T14:49:41.224327,shelly,defeat,717,-3,0,f5da7256b07f5b01f7497e9506944334a116189821bd5a0fb8b6f7420e8eae33,Showdown Survivor,trio showdown,all,0.8.15,-1
2026-09-09T14:50:57.844231,shelly,victory,714,11,1,f5da7256b07f5b01f7497e9506944334a116189821bd5a0fb8b6f7420e8eae33,Showdown Survivor,trio showdown,all,0.8.15,-1
2026-09-09T15:10:34.853469,shelly,victory,725,6,2,f5da7256b07f5b01f7497e9506944334a116189821bd5a0fb8b6f7420e8eae33,Showdown Survivor,trio showdown,all,0.8.15,-1
2026-09-09T15:12:55.923976,shelly,victory,731,13,3,f5da7256b07f5b01f7497e9506944334a116189821bd5a0fb8b6f7420e8eae33,Showdown Survivor,trio showdown,all,0.8.15,-1
2026-09-09T15:16:00.008317,shelly,victory,744,8,4,f5da7256b07f5b01f7497e9506944334a116189821bd5a0fb8b6f7420e8eae33,Showdown Survivor,trio showdown,all,0.8.15,-1
2026-09-09T15:23:14.463604,bea,draw,159,3,0,f5da7256b07f5b01f7497e9506944334a116189821bd5a0fb8b6f7420e8eae33,Showdown Survivor,trio showdown,all,0.8.15,-1
2026-09-09T15:25:14.449706,bea,victory,162,11,1,f5da7256b07f5b01f7497e9506944334a116189821bd5a0fb8b6f7420e8eae33,Showdown Survivor,trio showdown,all,0.8.15,-1
2026-09-09T15:26:51.303633,bea,victory,173,12,2,f5da7256b07f5b01f7497e9506944334a116189821bd5a0fb8b6f7420e8eae33,Showdown Survivor,trio showdown,all,0.8.15,-1
2026-09-09T15:28:48.853989,bea,victory,185,13,3,f5da7256b07f5b01f7497e9506944334a116189821bd5a0fb8b6f7420e8eae33,Showdown Survivor,trio showdown,all,0.8.15,-1
2026-09-09T15:31:21.537265,bea,draw,198,3,3,f5da7256b07f5b01f7497e9506944334a116189821bd5a0fb8b6f7420e8eae33,Showdown Survivor,trio showdown,all,0.8.15,-1
2026-09-09T15:33:26.583197,bea,victory,201,8,4,f5da7256b07f5b01f7497e9506944334a116189821bd5a0fb8b6f7420e8eae33,Showdown Survivor,trio showdown,all,0.8.15,-1
2026-09-09T15:35:24.120064,bea,victory,209,15,5,f5da7256b07f5b01f7497e9506944334a116189821bd5a0fb8b6f7420e8eae33,Showdown Survivor,trio showdown,all,0.8.15,-1
2026-09-09T15:45:55.486079,bea,victory,224,16,6,f5da7256b07f5b01f7497e9506944334a116189821bd5a0fb8b6f7420e8eae33,Showdown Survivor,trio showdown,all,0.8.15,-1
2026-09-09T15:48:13.116864,bea,victory,240,11,7,f5da7256b07f5b01f7497e9506944334a116189821bd5a0fb8b6f7420e8eae33,Showdown Survivor,trio showdown,all,0.8.15,-1
2026-09-09T15:50:18.107222,bea,victory,251,12,8,f5da7256b07f5b01f7497e9506944334a116189821bd5a0fb8b6f7420e8eae33,Showdown Survivor,trio showdown,all,0.8.15,-1
2026-09-09T15:53:14.783963,bea,victory,263,19,9,f5da7256b07f5b01f7497e9506944334a116189821bd5a0fb8b6f7420e8eae33,Showdown Survivor,trio showdown,all,0.8.15,-1
2026-09-09T15:56:23.826025,bea,victory,282,14,10,f5da7256b07f5b01f7497e9506944334a116189821bd5a0fb8b6f7420e8eae33,Showdown Survivor,trio showdown,all,0.8.15,-1
2026-09-09T15:59:05.105761,bea,victory,296,21,11,f5da7256b07f5b01f7497e9506944334a116189821bd5a0fb8b6f7420e8eae33,Showdown Survivor,trio showdown,all,0.8.15,-1
2026-09-09T16:01:32.206186,bea,victory,317,15,12,f5da7256b07f5b01f7497e9506944334a116189821bd5a0fb8b6f7420e8eae33,Showdown Survivor,trio showdown,all,0.8.15,-1
2026-09-09T16:02:48.640090,bea,defeat,332,-2,0,f5da7256b07f5b01f7497e9506944334a116189821bd5a0fb8b6f7420e8eae33,Showdown Survivor,trio showdown,all,0.8.15,-1
2026-09-09T19:28:00.258774,bea,defeat,509,-2,0,f5da7256b07f5b01f7497e9506944334a116189821bd5a0fb8b6f7420e8eae33,Showdown Survivor,trio showdown,all,0.8.15,-1
2026-09-09T21:21:51.533308,bea,victory,507,11,1,f5da7256b07f5b01f7497e9506944334a116189821bd5a0fb8b6f7420e8eae33,Showdown Survivor,trio showdown,all,0.8.15,-1
2026-09-09T21:25:02.112926,bea,victory,518,6,2,f5da7256b07f5b01f7497e9506944334a116189821bd5a0fb8b6f7420e8eae33,Showdown Survivor,trio showdown,all,0.8.15,-1
2026-09-09T21:39:06.165839,bea,draw,524,,2,f5da7256b07f5b01f7497e9506944334a116189821bd5a0fb8b6f7420e8eae33,Showdown Survivor,trio showdown,all,0.8.15,-1
2026-09-09T21:40:44.427018,bea,victory,524,,3,f5da7256b07f5b01f7497e9506944334a116189821bd5a0fb8b6f7420e8eae33,Showdown Survivor,trio showdown,all,0.8.15,-1
2026-09-09T21:47:43.262549,bea,victory,524,,4,f5da7256b07f5b01f7497e9506944334a116189821bd5a0fb8b6f7420e8eae33,Showdown Survivor,trio showdown,all,0.8.15,-1
2026-09-09T21:54:09.859746,bea,defeat,524,,0,f5da7256b07f5b01f7497e9506944334a116189821bd5a0fb8b6f7420e8eae33,Showdown Survivor,trio showdown,all,0.8.15,-1
2026-09-09T22:17:58.814327,bea,defeat,524,,0,f5da7256b07f5b01f7497e9506944334a116189821bd5a0fb8b6f7420e8eae33,Showdown Survivor,trio showdown,all,0.8.15,-1
2026-09-09T22:22:00.649807,bea,draw,524,,0,f5da7256b07f5b01f7497e9506944334a116189821bd5a0fb8b6f7420e8eae33,Showdown Survivor,trio showdown,all,0.8.15,-1
2026-09-09T22:24:33.504786,bea,victory,524,,1,f5da7256b07f5b01f7497e9506944334a116189821bd5a0fb8b6f7420e8eae33,Showdown Survivor,trio showdown,all,0.8.15,-1
2026-09-09T22:27:01.219927,bea,victory,524,,2,f5da7256b07f5b01f7497e9506944334a116189821bd5a0fb8b6f7420e8eae33,Showdown Survivor,trio showdown,all,0.8.15,-1
2026-09-09T22:29:37.297799,bea,victory,524,,3,f5da7256b07f5b01f7497e9506944334a116189821bd5a0fb8b6f7420e8eae33,Showdown Survivor,trio showdown,all,0.8.15,-1
2026-09-09T22:30:53.423183,bea,defeat,524,,0,f5da7256b07f5b01f7497e9506944334a116189821bd5a0fb8b6f7420e8eae33,Showdown Survivor,trio showdown,all,0.8.15,-1
2026-09-09T22:32:16.328210,bea,defeat,524,,0,f5da7256b07f5b01f7497e9506944334a116189821bd5a0fb8b6f7420e8eae33,Showdown Survivor,trio showdown,all,0.8.15,-1
2026-09-09T22:34:08.538132,bea,victory,524,,1,f5da7256b07f5b01f7497e9506944334a116189821bd5a0fb8b6f7420e8eae33,Showdown Survivor,trio showdown,all,0.8.15,-1
2026-09-09T22:36:37.304074,bea,victory,524,,2,f5da7256b07f5b01f7497e9506944334a116189821bd5a0fb8b6f7420e8eae33,Showdown Survivor,trio showdown,all,0.8.15,-1
2026-09-09T22:38:36.324854,bea,draw,524,,2,f5da7256b07f5b01f7497e9506944334a116189821bd5a0fb8b6f7420e8eae33,Showdown Survivor,trio showdown,all,0.8.15,-1
2026-09-09T22:41:40.496066,bea,victory,524,,3,f5da7256b07f5b01f7497e9506944334a116189821bd5a0fb8b6f7420e8eae33,Showdown Survivor,trio showdown,all,0.8.15,-1
2026-09-09T22:44:02.923951,bea,victory,524,,4,f5da7256b07f5b01f7497e9506944334a116189821bd5a0fb8b6f7420e8eae33,Showdown Survivor,trio showdown,all,0.8.15,-1
2026-09-09T22:45:48.248765,bea,victory,524,,5,f5da7256b07f5b01f7497e9506944334a116189821bd5a0fb8b6f7420e8eae33,Showdown Survivor,trio showdown,all,0.8.15,-1
2026-09-09T22:47:05.963379,bea,draw,524,,5,f5da7256b07f5b01f7497e9506944334a116189821bd5a0fb8b6f7420e8eae33,Showdown Survivor,trio showdown,all,0.8.15,-1
2026-09-09T22:49:44.243951,bea,victory,524,,6,f5da7256b07f5b01f7497e9506944334a116189821bd5a0fb8b6f7420e8eae33,Showdown Survivor,trio showdown,all,0.8.15,-1
2026-09-09T22:52:17.148416,bea,victory,524,,7,f5da7256b07f5b01f7497e9506944334a116189821bd5a0fb8b6f7420e8eae33,Showdown Survivor,trio showdown,all,0.8.15,-1
2026-09-09T22:53:48.386221,bea,defeat,524,,0,f5da7256b07f5b01f7497e9506944334a116189821bd5a0fb8b6f7420e8eae33,Showdown Survivor,trio showdown,all,0.8.15,-1
2026-09-09T22:55:18.314954,bea,victory,524,,1,f5da7256b07f5b01f7497e9506944334a116189821bd5a0fb8b6f7420e8eae33,Showdown Survivor,trio showdown,all,0.8.15,-1
2026-09-09T22:57:10.330784,bea,victory,524,,2,f5da7256b07f5b01f7497e9506944334a116189821bd5a0fb8b6f7420e8eae33,Showdown Survivor,trio showdown,all,0.8.15,-1
2026-09-09T23:00:10.921055,bea,victory,524,,3,f5da7256b07f5b01f7497e9506944334a116189821bd5a0fb8b6f7420e8eae33,Showdown Survivor,trio showdown,all,0.8.15,-1
2026-09-09T23:01:33.195109,bea,defeat,524,,0,f5da7256b07f5b01f7497e9506944334a116189821bd5a0fb8b6f7420e8eae33,Showdown Survivor,trio showdown,all,0.8.15,-1
2026-09-09T23:02:56.916958,bea,defeat,524,,0,f5da7256b07f5b01f7497e9506944334a116189821bd5a0fb8b6f7420e8eae33,Showdown Survivor,trio showdown,all,0.8.15,-1
2026-09-09T23:04:29.072414,bea,draw,524,,0,f5da7256b07f5b01f7497e9506944334a116189821bd5a0fb8b6f7420e8eae33,Showdown Survivor,trio showdown,all,0.8.15,-1
2026-09-09T23:06:41.543984,bea,victory,524,,1,f5da7256b07f5b01f7497e9506944334a116189821bd5a0fb8b6f7420e8eae33,Showdown Survivor,trio showdown,all,0.8.15,-1
2026-09-09T23:08:29.865612,bea,defeat,524,,0,f5da7256b07f5b01f7497e9506944334a116189821bd5a0fb8b6f7420e8eae33,Showdown Survivor,trio showdown,all,0.8.15,-1
2026-09-09T23:09:54.239956,bea,victory,524,,1,f5da7256b07f5b01f7497e9506944334a116189821bd5a0fb8b6f7420e8eae33,Showdown Survivor,trio showdown,all,0.8.15,-1
2026-09-09T23:13:53.603429,bea,victory,524,,2,f5da7256b07f5b01f7497e9506944334a116189821bd5a0fb8b6f7420e8eae33,Showdown Survivor,trio showdown,all,0.8.15,-1
2026-09-09T23:15:57.873627,bea,defeat,524,,0,f5da7256b07f5b01f7497e9506944334a116189821bd5a0fb8b6f7420e8eae33,Showdown Survivor,trio showdown,all,0.8.15,-1
2026-09-09T23:17:46.997661,bea,victory,524,,1,f5da7256b07f5b01f7497e9506944334a116189821bd5a0fb8b6f7420e8eae33,Showdown Survivor,trio showdown,all,0.8.15,-1
2026-09-09T23:19:37.175463,bea,victory,524,,2,f5da7256b07f5b01f7497e9506944334a116189821bd5a0fb8b6f7420e8eae33,Showdown Survivor,trio showdown,all,0.8.15,-1
2026-09-09T23:21:42.170905,bea,draw,524,,2,f5da7256b07f5b01f7497e9506944334a116189821bd5a0fb8b6f7420e8eae33,Showdown Survivor,trio showdown,all,0.8.15,-1
2026-09-09T23:23:30.849012,bea,defeat,524,,0,f5da7256b07f5b01f7497e9506944334a116189821bd5a0fb8b6f7420e8eae33,Showdown Survivor,trio showdown,all,0.8.15,-1
2026-09-09T23:25:40.209390,bea,victory,524,,1,f5da7256b07f5b01f7497e9506944334a116189821bd5a0fb8b6f7420e8eae33,Showdown Survivor,trio showdown,all,0.8.15,-1
2026-09-09T23:28:06.239990,bea,victory,524,,2,f5da7256b07f5b01f7497e9506944334a116189821bd5a0fb8b6f7420e8eae33,Showdown Survivor,trio showdown,all,0.8.15,-1
2026-09-09T23:29:33.027253,bea,draw,524,,2,f5da7256b07f5b01f7497e9506944334a116189821bd5a0fb8b6f7420e8eae33,Showdown Survivor,trio showdown,all,0.8.15,-1
2026-09-09T23:31:38.356724,bea,victory,524,,3,f5da7256b07f5b01f7497e9506944334a116189821bd5a0fb8b6f7420e8eae33,Showdown Survivor,trio showdown,all,0.8.15,-1
2026-09-09T23:34:00.254735,bea,victory,524,,4,f5da7256b07f5b01f7497e9506944334a116189821bd5a0fb8b6f7420e8eae33,Showdown Survivor,trio showdown,all,0.8.15,-1
2026-09-09T23:49:10.330135,bea,victory,524,,5,f5da7256b07f5b01f7497e9506944334a116189821bd5a0fb8b6f7420e8eae33,Showdown Survivor,trio showdown,all,0.8.15,-1
2026-09-09T23:51:28.696984,bea,victory,524,,6,f5da7256b07f5b01f7497e9506944334a116189821bd5a0fb8b6f7420e8eae33,Showdown Survivor,trio showdown,all,0.8.15,-1
2026-09-09T23:54:37.287804,bea,victory,826,,7,f5da7256b07f5b01f7497e9506944334a116189821bd5a0fb8b6f7420e8eae33,Showdown Survivor,trio showdown,all,0.8.15,-1
2026-09-09T23:56:51.690651,bea,draw,826,,7,f5da7256b07f5b01f7497e9506944334a116189821bd5a0fb8b6f7420e8eae33,Showdown Survivor,trio showdown,all,0.8.15,-1
2026-09-09T23:59:39.695101,bea,victory,840,,8,f5da7256b07f5b01f7497e9506944334a116189821bd5a0fb8b6f7420e8eae33,Showdown Survivor,trio showdown,all,0.8.15,-1
2026-09-10T00:03:05.912352,bea,victory,854,,9,f5da7256b07f5b01f7497e9506944334a116189821bd5a0fb8b6f7420e8eae33,Showdown Survivor,trio showdown,all,0.8.15,-1
2026-09-10T00:05:21.089579,bea,draw,854,,9,f5da7256b07f5b01f7497e9506944334a116189821bd5a0fb8b6f7420e8eae33,Showdown Survivor,trio showdown,all,0.8.15,-1
2026-09-10T00:06:43.451937,bea,victory,854,,10,f5da7256b07f5b01f7497e9506944334a116189821bd5a0fb8b6f7420e8eae33,Showdown Survivor,trio showdown,all,0.8.15,-1
2026-09-10T00:08:36.845932,bea,victory,874,,11,f5da7256b07f5b01f7497e9506944334a116189821bd5a0fb8b6f7420e8eae33,Showdown Survivor,trio showdown,all,0.8.15,-1
2026-09-10T00:09:58.729724,bea,victory,874,,12,f5da7256b07f5b01f7497e9506944334a116189821bd5a0fb8b6f7420e8eae33,Showdown Survivor,trio showdown,all,0.8.15,-1
2026-09-10T00:12:26.118895,bea,victory,874,,13,f5da7256b07f5b01f7497e9506944334a116189821bd5a0fb8b6f7420e8eae33,Showdown Survivor,trio showdown,all,0.8.15,-1
2026-09-10T00:13:40.306426,bea,draw,922,,13,f5da7256b07f5b01f7497e9506944334a116189821bd5a0fb8b6f7420e8eae33,Showdown Survivor,trio showdown,all,0.8.15,-1
2026-09-10T00:15:17.165598,bea,draw,922,,13,f5da7256b07f5b01f7497e9506944334a116189821bd5a0fb8b6f7420e8eae33,Showdown Survivor,trio showdown,all,0.8.15,-1
2026-09-10T00:22:47.775672,bea,victory,922,,14,f5da7256b07f5b01f7497e9506944334a116189821bd5a0fb8b6f7420e8eae33,Showdown Survivor,trio showdown,all,0.8.15,-1
2026-09-10T00:25:04.657328,bea,draw,944,,14,f5da7256b07f5b01f7497e9506944334a116189821bd5a0fb8b6f7420e8eae33,Showdown Survivor,trio showdown,all,0.8.15,-1
2026-09-10T00:29:11.822959,bea,victory,946,,15,f5da7256b07f5b01f7497e9506944334a116189821bd5a0fb8b6f7420e8eae33,Showdown Survivor,trio showdown,all,0.8.15,-1
2026-09-10T00:30:39.966672,bea,victory,946,,16,f5da7256b07f5b01f7497e9506944334a116189821bd5a0fb8b6f7420e8eae33,Showdown Survivor,trio showdown,all,0.8.15,-1
2026-09-10T00:33:02.032638,bea,victory,982,,17,f5da7256b07f5b01f7497e9506944334a116189821bd5a0fb8b6f7420e8eae33,Showdown Survivor,trio showdown,all,0.8.15,-1
2026-09-10T00:34:45.498969,bea,draw,982,,17,f5da7256b07f5b01f7497e9506944334a116189821bd5a0fb8b6f7420e8eae33,Showdown Survivor,trio showdown,all,0.8.15,-1
2026-09-10T00:37:57.693544,bea,victory,998,,18,f5da7256b07f5b01f7497e9506944334a116189821bd5a0fb8b6f7420e8eae33,Showdown Survivor,trio showdown,all,0.8.15,-1
2026-09-10T00:58:37.189640,crow,victory,6,,1,f5da7256b07f5b01f7497e9506944334a116189821bd5a0fb8b6f7420e8eae33,Showdown Survivor,trio showdown,all,0.8.15,-1
2026-09-10T01:03:52.691583,crow,victory,6,,2,f5da7256b07f5b01f7497e9506944334a116189821bd5a0fb8b6f7420e8eae33,Showdown Survivor,trio showdown,all,0.8.15,-1
2026-09-10T01:06:13.468262,crow,victory,6,,3,f5da7256b07f5b01f7497e9506944334a116189821bd5a0fb8b6f7420e8eae33,Showdown Survivor,trio showdown,all,0.8.15,-1
2026-09-10T01:08:04.465915,crow,victory,42,,4,f5da7256b07f5b01f7497e9506944334a116189821bd5a0fb8b6f7420e8eae33,Showdown Survivor,trio showdown,all,0.8.15,-1
2026-09-10T01:10:29.643259,crow,victory,42,,5,f5da7256b07f5b01f7497e9506944334a116189821bd5a0fb8b6f7420e8eae33,Showdown Survivor,trio showdown,all,0.8.15,-1
2026-09-10T01:12:45.845896,crow,victory,42,,6,f5da7256b07f5b01f7497e9506944334a116189821bd5a0fb8b6f7420e8eae33,Showdown Survivor,trio showdown,all,0.8.15,-1
2026-09-10T01:14:30.034910,crow,victory,111,,7,f5da7256b07f5b01f7497e9506944334a116189821bd5a0fb8b6f7420e8eae33,Showdown Survivor,trio showdown,all,0.8.15,-1
2026-09-10T01:16:18.847318,crow,victory,131,,8,f5da7256b07f5b01f7497e9506944334a116189821bd5a0fb8b6f7420e8eae33,Showdown Survivor,trio showdown,all,0.8.15,-1
2026-09-10T01:18:35.215296,crow,victory,131,,9,f5da7256b07f5b01f7497e9506944334a116189821bd5a0fb8b6f7420e8eae33,Showdown Survivor,trio showdown,all,0.8.15,-1
2026-09-10T01:20:07.638289,crow,victory,131,,10,f5da7256b07f5b01f7497e9506944334a116189821bd5a0fb8b6f7420e8eae33,Showdown Survivor,trio showdown,all,0.8.15,-1
2026-09-10T01:21:54.102178,crow,victory,131,,11,f5da7256b07f5b01f7497e9506944334a116189821bd5a0fb8b6f7420e8eae33,Showdown Survivor,trio showdown,all,0.8.15,-1
2026-09-10T01:24:31.792505,crow,draw,131,,11,f5da7256b07f5b01f7497e9506944334a116189821bd5a0fb8b6f7420e8eae33,Showdown Survivor,trio showdown,all,0.8.15,-1
2026-09-10T01:26:43.821457,crow,victory,216,,12,f5da7256b07f5b01f7497e9506944334a116189821bd5a0fb8b6f7420e8eae33,Showdown Survivor,trio showdown,all,0.8.15,-1
2026-09-10T01:29:10.107380,crow,victory,216,,13,f5da7256b07f5b01f7497e9506944334a116189821bd5a0fb8b6f7420e8eae33,Showdown Survivor,trio showdown,all,0.8.15,-1
2026-09-10T01:31:57.199114,crow,victory,216,,14,f5da7256b07f5b01f7497e9506944334a116189821bd5a0fb8b6f7420e8eae33,Showdown Survivor,trio showdown,all,0.8.15,-1
2026-09-10T01:33:51.699617,crow,defeat,216,,0,f5da7256b07f5b01f7497e9506944334a116189821bd5a0fb8b6f7420e8eae33,Showdown Survivor,trio showdown,all,0.8.15,-1
2026-09-10T01:34:12.373831,crow,defeat,216,,0,f5da7256b07f5b01f7497e9506944334a116189821bd5a0fb8b6f7420e8eae33,Showdown Survivor,trio showdown,all,0.8.15,-1
2026-09-10T01:35:46.726456,crow,draw,212,,0,f5da7256b07f5b01f7497e9506944334a116189821bd5a0fb8b6f7420e8eae33,Showdown Survivor,trio showdown,all,0.8.15,-1
2026-09-10T01:37:30.991249,crow,victory,212,,1,f5da7256b07f5b01f7497e9506944334a116189821bd5a0fb8b6f7420e8eae33,Showdown Survivor,trio showdown,all,0.8.15,-1
2026-09-10T01:39:10.392149,crow,victory,212,,2,f5da7256b07f5b01f7497e9506944334a116189821bd5a0fb8b6f7420e8eae33,Showdown Survivor,trio showdown,all,0.8.15,-1
2026-09-10T01:41:20.130612,crow,victory,212,,3,f5da7256b07f5b01f7497e9506944334a116189821bd5a0fb8b6f7420e8eae33,Showdown Survivor,trio showdown,all,0.8.15,-1
2026-09-10T01:42:46.853643,crow,defeat,292,,0,f5da7256b07f5b01f7497e9506944334a116189821bd5a0fb8b6f7420e8eae33,Showdown Survivor,trio showdown,all,0.8.15,-1
2026-09-10T01:45:00.260914,crow,victory,292,,1,f5da7256b07f5b01f7497e9506944334a116189821bd5a0fb8b6f7420e8eae33,Showdown Survivor,trio showdown,all,0.8.15,-1
2026-09-10T01:47:12.345992,crow,victory,292,,2,f5da7256b07f5b01f7497e9506944334a116189821bd5a0fb8b6f7420e8eae33,Showdown Survivor,trio showdown,all,0.8.15,-1
2026-09-10T01:49:26.013374,crow,draw,292,,2,f5da7256b07f5b01f7497e9506944334a116189821bd5a0fb8b6f7420e8eae33,Showdown Survivor,trio showdown,all,0.8.15,-1
2026-09-10T01:51:23.142403,crow,victory,292,,3,f5da7256b07f5b01f7497e9506944334a116189821bd5a0fb8b6f7420e8eae33,Showdown Survivor,trio showdown,all,0.8.15,-1
2026-09-10T01:53:32.828944,crow,victory,292,,4,f5da7256b07f5b01f7497e9506944334a116189821bd5a0fb8b6f7420e8eae33,Showdown Survivor,trio showdown,all,0.8.15,-1
2026-09-10T01:55:19.843637,crow,draw,337,,4,f5da7256b07f5b01f7497e9506944334a116189821bd5a0fb8b6f7420e8eae33,Showdown Survivor,trio showdown,all,0.8.15,-1
2026-09-10T01:57:56.681564,crow,victory,337,,5,f5da7256b07f5b01f7497e9506944334a116189821bd5a0fb8b6f7420e8eae33,Showdown Survivor,trio showdown,all,0.8.15,-1
2026-09-10T01:59:51.754145,crow,victory,337,,6,f5da7256b07f5b01f7497e9506944334a116189821bd5a0fb8b6f7420e8eae33,Showdown Survivor,trio showdown,all,0.8.15,-1
2026-09-10T02:01:35.422951,crow,victory,337,,7,f5da7256b07f5b01f7497e9506944334a116189821bd5a0fb8b6f7420e8eae33,Showdown Survivor,trio showdown,all,0.8.15,-1
2026-09-10T02:03:11.031987,crow,draw,337,,7,f5da7256b07f5b01f7497e9506944334a116189821bd5a0fb8b6f7420e8eae33,Showdown Survivor,trio showdown,all,0.8.15,-1
2026-09-10T02:06:10.160538,crow,victory,445,,8,f5da7256b07f5b01f7497e9506944334a116189821bd5a0fb8b6f7420e8eae33,Showdown Survivor,trio showdown,all,0.8.15,-1
2026-09-10T02:08:40.812988,crow,defeat,445,,0,f5da7256b07f5b01f7497e9506944334a116189821bd5a0fb8b6f7420e8eae33,Showdown Survivor,trio showdown,all,0.8.15,-1
2026-09-10T02:10:05.412859,crow,defeat,445,,0,f5da7256b07f5b01f7497e9506944334a116189821bd5a0fb8b6f7420e8eae33,Showdown Survivor,trio showdown,all,0.8.15,-1
2026-09-10T02:12:03.601749,crow,victory,445,,1,f5da7256b07f5b01f7497e9506944334a116189821bd5a0fb8b6f7420e8eae33,Showdown Survivor,trio showdown,all,0.8.15,-1
2026-09-10T02:14:07.270840,crow,victory,525,,2,f5da7256b07f5b01f7497e9506944334a116189821bd5a0fb8b6f7420e8eae33,Showdown Survivor,trio showdown,all,0.8.15,-1
2026-09-10T02:15:24.055427,crow,defeat,525,,0,f5da7256b07f5b01f7497e9506944334a116189821bd5a0fb8b6f7420e8eae33,Showdown Survivor,trio showdown,all,0.8.15,-1
2026-09-10T02:17:45.822601,crow,defeat,525,,0,f5da7256b07f5b01f7497e9506944334a116189821bd5a0fb8b6f7420e8eae33,Showdown Survivor,trio showdown,all,0.8.15,-1
2026-09-10T02:19:38.450198,crow,victory,525,,1,f5da7256b07f5b01f7497e9506944334a116189821bd5a0fb8b6f7420e8eae33,Showdown Survivor,trio showdown,all,0.8.15,-1
2026-09-10T02:20:52.104862,crow,defeat,525,,0,f5da7256b07f5b01f7497e9506944334a116189821bd5a0fb8b6f7420e8eae33,Showdown Survivor,trio showdown,all,0.8.15,-1
2026-09-10T02:22:38.986524,crow,victory,525,,1,f5da7256b07f5b01f7497e9506944334a116189821bd5a0fb8b6f7420e8eae33,Showdown Survivor,trio showdown,all,0.8.15,-1
2026-09-10T02:24:24.404329,crow,victory,525,,2,f5da7256b07f5b01f7497e9506944334a116189821bd5a0fb8b6f7420e8eae33,Showdown Survivor,trio showdown,all,0.8.15,-1
2026-09-10T02:26:17.516417,crow,victory,525,,3,f5da7256b07f5b01f7497e9506944334a116189821bd5a0fb8b6f7420e8eae33,Showdown Survivor,trio showdown,all,0.8.15,-1
2026-09-10T02:29:04.524309,crow,victory,525,,4,f5da7256b07f5b01f7497e9506944334a116189821bd5a0fb8b6f7420e8eae33,Showdown Survivor,trio showdown,all,0.8.15,-1
2026-09-10T02:30:39.613842,crow,draw,525,,4,f5da7256b07f5b01f7497e9506944334a116189821bd5a0fb8b6f7420e8eae33,Showdown Survivor,trio showdown,all,0.8.15,-1
2026-09-10T02:31:57.839882,crow,draw,447,,4,f5da7256b07f5b01f7497e9506944334a116189821bd5a0fb8b6f7420e8eae33,Showdown Survivor,trio showdown,all,0.8.15,-1
2026-09-10T02:33:38.620000,crow,draw,447,,4,f5da7256b07f5b01f7497e9506944334a116189821bd5a0fb8b6f7420e8eae33,Showdown Survivor,trio showdown,all,0.8.15,-1
2026-09-10T02:35:17.890111,crow,draw,447,,4,f5da7256b07f5b01f7497e9506944334a116189821bd5a0fb8b6f7420e8eae33,Showdown Survivor,trio showdown,all,0.8.15,-1
2026-09-10T02:37:10.005307,crow,victory,453,,5,f5da7256b07f5b01f7497e9506944334a116189821bd5a0fb8b6f7420e8eae33,Showdown Survivor,trio showdown,all,0.8.15,-1
2026-09-10T02:40:10.696173,crow,draw,455,,5,f5da7256b07f5b01f7497e9506944334a116189821bd5a0fb8b6f7420e8eae33,Showdown Survivor,trio showdown,all,0.8.15,-1
2026-09-10T02:41:31.186528,crow,defeat,464,,0,f5da7256b07f5b01f7497e9506944334a116189821bd5a0fb8b6f7420e8eae33,Showdown Survivor,trio showdown,all,0.8.15,-1
2026-09-10T02:42:34.658044,crow,defeat,462,,0,f5da7256b07f5b01f7497e9506944334a116189821bd5a0fb8b6f7420e8eae33,Showdown Survivor,trio showdown,all,0.8.15,-1
2026-09-10T02:43:52.051694,crow,defeat,460,,0,f5da7256b07f5b01f7497e9506944334a116189821bd5a0fb8b6f7420e8eae33,Showdown Survivor,trio showdown,all,0.8.15,-1
2026-09-10T02:45:31.545629,crow,victory,458,,1,f5da7256b07f5b01f7497e9506944334a116189821bd5a0fb8b6f7420e8eae33,Showdown Survivor,trio showdown,all,0.8.15,-1
2026-09-10T02:47:05.337737,crow,defeat,458,,0,f5da7256b07f5b01f7497e9506944334a116189821bd5a0fb8b6f7420e8eae33,Showdown Survivor,trio showdown,all,0.8.15,-1
2026-09-10T02:48:38.330648,crow,defeat,458,,0,f5da7256b07f5b01f7497e9506944334a116189821bd5a0fb8b6f7420e8eae33,Showdown Survivor,trio showdown,all,0.8.15,-1
2026-09-10T02:51:07.283241,crow,victory,458,,1,f5da7256b07f5b01f7497e9506944334a116189821bd5a0fb8b6f7420e8eae33,Showdown Survivor,trio showdown,all,0.8.15,-1
2026-09-10T02:52:28.006458,crow,draw,458,,1,f5da7256b07f5b01f7497e9506944334a116189821bd5a0fb8b6f7420e8eae33,Showdown Survivor,trio showdown,all,0.8.15,-1
2026-09-10T02:54:32.857053,crow,victory,466,,2,f5da7256b07f5b01f7497e9506944334a116189821bd5a0fb8b6f7420e8eae33,Showdown Survivor,trio showdown,all,0.8.15,-1
2026-09-10T02:56:37.416187,crow,victory,466,,3,f5da7256b07f5b01f7497e9506944334a116189821bd5a0fb8b6f7420e8eae33,Showdown Survivor,trio showdown,all,0.8.15,-1
2026-09-10T02:59:09.647089,crow,victory,485,,4,f5da7256b07f5b01f7497e9506944334a116189821bd5a0fb8b6f7420e8eae33,Showdown Survivor,trio showdown,all,0.8.15,-1
2026-09-10T03:01:45.094937,crow,victory,493,,5,f5da7256b07f5b01f7497e9506944334a116189821bd5a0fb8b6f7420e8eae33,Showdown Survivor,trio showdown,all,0.8.15,-1
2026-09-10T03:03:44.381814,crow,victory,508,,6,f5da7256b07f5b01f7497e9506944334a116189821bd5a0fb8b6f7420e8eae33,Showdown Survivor,trio showdown,all,0.8.15,-1
2026-09-10T03:05:09.647527,crow,defeat,518,,0,f5da7256b07f5b01f7497e9506944334a116189821bd5a0fb8b6f7420e8eae33,Showdown Survivor,trio showdown,all,0.8.15,-1
2026-09-10T03:06:21.043720,crow,defeat,516,,0,f5da7256b07f5b01f7497e9506944334a116189821bd5a0fb8b6f7420e8eae33,Showdown Survivor,trio showdown,all,0.8.15,-1
2026-09-10T03:09:25.036390,crow,victory,516,,1,f5da7256b07f5b01f7497e9506944334a116189821bd5a0fb8b6f7420e8eae33,Showdown Survivor,trio showdown,all,0.8.15,-1
2026-09-10T03:11:46.161204,crow,victory,525,,2,f5da7256b07f5b01f7497e9506944334a116189821bd5a0fb8b6f7420e8eae33,Showdown Survivor,trio showdown,all,0.8.15,-1
2026-09-10T03:14:07.012118,crow,victory,525,,3,f5da7256b07f5b01f7497e9506944334a116189821bd5a0fb8b6f7420e8eae33,Showdown Survivor,trio showdown,all,0.8.15,-1
2026-09-10T03:16:06.706819,crow,victory,525,,4,f5da7256b07f5b01f7497e9506944334a116189821bd5a0fb8b6f7420e8eae33,Showdown Survivor,trio showdown,all,0.8.15,-1
2026-09-10T03:18:14.140573,crow,draw,525,,4,f5da7256b07f5b01f7497e9506944334a116189821bd5a0fb8b6f7420e8eae33,Showdown Survivor,trio showdown,all,0.8.15,-1
2026-09-10T03:20:55.307244,crow,draw,525,,4,f5da7256b07f5b01f7497e9506944334a116189821bd5a0fb8b6f7420e8eae33,Showdown Survivor,trio showdown,all,0.8.15,-1
2026-09-10T03:22:57.520945,crow,victory,525,,5,f5da7256b07f5b01f7497e9506944334a116189821bd5a0fb8b6f7420e8eae33,Showdown Survivor,trio showdown,all,0.8.15,-1
2026-09-10T03:25:02.174899,crow,draw,525,,5,f5da7256b07f5b01f7497e9506944334a116189821bd5a0fb8b6f7420e8eae33,Showdown Survivor,trio showdown,all,0.8.15,-1
2026-09-10T03:27:09.960254,crow,victory,558,,6,f5da7256b07f5b01f7497e9506944334a116189821bd5a0fb8b6f7420e8eae33,Showdown Survivor,trio showdown,all,0.8.15,-1
2026-09-10T03:28:51.474896,crow,victory,558,,7,f5da7256b07f5b01f7497e9506944334a116189821bd5a0fb8b6f7420e8eae33,Showdown Survivor,trio showdown,all,0.8.15,-1
2026-09-10T03:30:09.345266,crow,draw,558,,7,f5da7256b07f5b01f7497e9506944334a116189821bd5a0fb8b6f7420e8eae33,Showdown Survivor,trio showdown,all,0.8.15,-1
2026-09-10T03:31:58.471046,crow,victory,586,,8,f5da7256b07f5b01f7497e9506944334a116189821bd5a0fb8b6f7420e8eae33,Showdown Survivor,trio showdown,all,0.8.15,-1
2026-09-10T03:34:40.855148,crow,victory,586,,9,f5da7256b07f5b01f7497e9506944334a116189821bd5a0fb8b6f7420e8eae33,Showdown Survivor,trio showdown,all,0.8.15,-1
2026-09-10T03:36:40.733607,crow,victory,586,,10,f5da7256b07f5b01f7497e9506944334a116189821bd5a0fb8b6f7420e8eae33,Showdown Survivor,trio showdown,all,0.8.15,-1
2026-09-10T03:38:48.436756,crow,victory,631,,11,f5da7256b07f5b01f7497e9506944334a116189821bd5a0fb8b6f7420e8eae33,Showdown Survivor,trio showdown,all,0.8.15,-1
2026-09-10T03:40:14.429662,crow,defeat,631,,0,f5da7256b07f5b01f7497e9506944334a116189821bd5a0fb8b6f7420e8eae33,Showdown Survivor,trio showdown,all,0.8.15,-1
2026-09-10T03:42:09.594028,crow,victory,631,,1,f5da7256b07f5b01f7497e9506944334a116189821bd5a0fb8b6f7420e8eae33,Showdown Survivor,trio showdown,all,0.8.15,-1
2026-09-10T03:44:17.043132,crow,victory,660,,2,f5da7256b07f5b01f7497e9506944334a116189821bd5a0fb8b6f7420e8eae33,Showdown Survivor,trio showdown,all,0.8.15,-1
2026-09-10T03:47:48.021197,crow,victory,660,,3,f5da7256b07f5b01f7497e9506944334a116189821bd5a0fb8b6f7420e8eae33,Showdown Survivor,trio showdown,all,0.8.15,-1
2026-09-10T03:49:53.807596,crow,victory,660,,4,f5da7256b07f5b01f7497e9506944334a116189821bd5a0fb8b6f7420e8eae33,Showdown Survivor,trio showdown,all,0.8.15,-1
2026-09-10T03:51:17.222811,crow,draw,660,,4,f5da7256b07f5b01f7497e9506944334a116189821bd5a0fb8b6f7420e8eae33,Showdown Survivor,trio showdown,all,0.8.15,-1
2026-09-10T03:53:01.442757,crow,draw,688,,4,f5da7256b07f5b01f7497e9506944334a116189821bd5a0fb8b6f7420e8eae33,Showdown Survivor,trio showdown,all,0.8.15,-1
2026-09-10T03:55:20.485400,crow,victory,689,,5,f5da7256b07f5b01f7497e9506944334a116189821bd5a0fb8b6f7420e8eae33,Showdown Survivor,trio showdown,all,0.8.15,-1
2026-09-10T03:56:29.327884,crow,defeat,689,,0,f5da7256b07f5b01f7497e9506944334a116189821bd5a0fb8b6f7420e8eae33,Showdown Survivor,trio showdown,all,0.8.15,-1
2026-09-10T03:58:19.492697,crow,draw,689,,0,f5da7256b07f5b01f7497e9506944334a116189821bd5a0fb8b6f7420e8eae33,Showdown Survivor,trio showdown,all,0.8.15,-1
2026-09-10T04:00:41.522673,crow,draw,696,,0,f5da7256b07f5b01f7497e9506944334a116189821bd5a0fb8b6f7420e8eae33,Showdown Survivor,trio showdown,all,0.8.15,-1
2026-09-10T04:03:41.193272,crow,victory,691,,1,f5da7256b07f5b01f7497e9506944334a116189821bd5a0fb8b6f7420e8eae33,Showdown Survivor,trio showdown,all,0.8.15,-1
2026-09-10T04:05:22.620959,crow,draw,691,,1,f5da7256b07f5b01f7497e9506944334a116189821bd5a0fb8b6f7420e8eae33,Showdown Survivor,trio showdown,all,0.8.15,-1
2026-09-10T04:07:18.468283,crow,defeat,691,,0,f5da7256b07f5b01f7497e9506944334a116189821bd5a0fb8b6f7420e8eae33,Showdown Survivor,trio showdown,all,0.8.15,-1
2026-09-10T04:08:33.777231,crow,defeat,691,,0,f5da7256b07f5b01f7497e9506944334a116189821bd5a0fb8b6f7420e8eae33,Showdown Survivor,trio showdown,all,0.8.15,-1
2026-09-10T04:10:57.283160,crow,draw,691,,0,f5da7256b07f5b01f7497e9506944334a116189821bd5a0fb8b6f7420e8eae33,Showdown Survivor,trio showdown,all,0.8.15,-1
2026-09-10T04:12:40.481376,crow,defeat,691,,0,f5da7256b07f5b01f7497e9506944334a116189821bd5a0fb8b6f7420e8eae33,Showdown Survivor,trio showdown,all,0.8.15,-1
2026-09-10T04:15:24.767336,crow,draw,691,,0,f5da7256b07f5b01f7497e9506944334a116189821bd5a0fb8b6f7420e8eae33,Showdown Survivor,trio showdown,all,0.8.15,-1
2026-09-10T04:18:06.925378,crow,victory,702,,1,f5da7256b07f5b01f7497e9506944334a116189821bd5a0fb8b6f7420e8eae33,Showdown Survivor,trio showdown,all,0.8.15,-1
2026-09-10T04:20:14.660729,crow,victory,702,,2,f5da7256b07f5b01f7497e9506944334a116189821bd5a0fb8b6f7420e8eae33,Showdown Survivor,trio showdown,all,0.8.15,-1
2026-09-10T04:21:50.921851,crow,draw,702,,2,f5da7256b07f5b01f7497e9506944334a116189821bd5a0fb8b6f7420e8eae33,Showdown Survivor,trio showdown,all,0.8.15,-1
2026-09-10T04:23:20.125167,crow,draw,702,,2,f5da7256b07f5b01f7497e9506944334a116189821bd5a0fb8b6f7420e8eae33,Showdown Survivor,trio showdown,all,0.8.15,-1
2026-09-10T04:25:12.613040,crow,draw,702,,2,f5da7256b07f5b01f7497e9506944334a116189821bd5a0fb8b6f7420e8eae33,Showdown Survivor,trio showdown,all,0.8.15,-1
2026-09-10T04:27:27.113116,crow,victory,702,,3,f5da7256b07f5b01f7497e9506944334a116189821bd5a0fb8b6f7420e8eae33,Showdown Survivor,trio showdown,all,0.8.15,-1
2026-09-10T04:30:01.732533,crow,victory,702,,4,f5da7256b07f5b01f7497e9506944334a116189821bd5a0fb8b6f7420e8eae33,Showdown Survivor,trio showdown,all,0.8.15,-1
2026-09-10T04:31:48.912414,crow,defeat,702,,0,f5da7256b07f5b01f7497e9506944334a116189821bd5a0fb8b6f7420e8eae33,Showdown Survivor,trio showdown,all,0.8.15,-1
2026-09-10T04:33:06.939792,crow,defeat,702,,0,f5da7256b07f5b01f7497e9506944334a116189821bd5a0fb8b6f7420e8eae33,Showdown Survivor,trio showdown,all,0.8.15,-1
2026-09-10T04:34:49.741106,crow,draw,702,,0,f5da7256b07f5b01f7497e9506944334a116189821bd5a0fb8b6f7420e8eae33,Showdown Survivor,trio showdown,all,0.8.15,-1
2026-09-10T04:37:18.964293,crow,victory,702,,1,f5da7256b07f5b01f7497e9506944334a116189821bd5a0fb8b6f7420e8eae33,Showdown Survivor,trio showdown,all,0.8.15,-1
2026-09-10T04:39:10.774228,crow,victory,755,,2,f5da7256b07f5b01f7497e9506944334a116189821bd5a0fb8b6f7420e8eae33,Showdown Survivor,trio showdown,all,0.8.15,-1
2026-09-10T04:40:59.464016,crow,draw,761,,2,f5da7256b07f5b01f7497e9506944334a116189821bd5a0fb8b6f7420e8eae33,Showdown Survivor,trio showdown,all,0.8.15,-1
2026-09-10T04:42:57.695379,crow,draw,762,,2,f5da7256b07f5b01f7497e9506944334a116189821bd5a0fb8b6f7420e8eae33,Showdown Survivor,trio showdown,all,0.8.15,-1
2026-09-10T04:44:36.582442,crow,defeat,762,,0,f5da7256b07f5b01f7497e9506944334a116189821bd5a0fb8b6f7420e8eae33,Showdown Survivor,trio showdown,all,0.8.15,-1
2026-09-10T04:46:17.366355,crow,victory,762,,1,f5da7256b07f5b01f7497e9506944334a116189821bd5a0fb8b6f7420e8eae33,Showdown Survivor,trio showdown,all,0.8.15,-1
2026-09-10T04:47:36.880280,crow,victory,762,,2,f5da7256b07f5b01f7497e9506944334a116189821bd5a0fb8b6f7420e8eae33,Showdown Survivor,trio showdown,all,0.8.15,-1
2026-09-10T04:49:11.267355,crow,defeat,762,,0,f5da7256b07f5b01f7497e9506944334a116189821bd5a0fb8b6f7420e8eae33,Showdown Survivor,trio showdown,all,0.8.15,-1
2026-09-10T04:51:02.505086,crow,defeat,762,,0,f5da7256b07f5b01f7497e9506944334a116189821bd5a0fb8b6f7420e8eae33,Showdown Survivor,trio showdown,all,0.8.15,-1
2026-09-10T04:53:26.528284,crow,defeat,762,,0,f5da7256b07f5b01f7497e9506944334a116189821bd5a0fb8b6f7420e8eae33,Showdown Survivor,trio showdown,all,0.8.15,-1
2026-09-10T04:56:06.154645,crow,draw,762,,0,f5da7256b07f5b01f7497e9506944334a116189821bd5a0fb8b6f7420e8eae33,Showdown Survivor,trio showdown,all,0.8.15,-1
2026-09-10T04:57:35.141305,crow,victory,762,,1,f5da7256b07f5b01f7497e9506944334a116189821bd5a0fb8b6f7420e8eae33,Showdown Survivor,trio showdown,all,0.8.15,-1
2026-09-10T05:01:19.600870,crow,victory,762,,2,f5da7256b07f5b01f7497e9506944334a116189821bd5a0fb8b6f7420e8eae33,Showdown Survivor,trio showdown,all,0.8.15,-1
2026-09-10T05:02:33.299816,crow,defeat,762,,0,f5da7256b07f5b01f7497e9506944334a116189821bd5a0fb8b6f7420e8eae33,Showdown Survivor,trio showdown,all,0.8.15,-1
2026-09-10T05:05:06.669114,crow,victory,762,,1,f5da7256b07f5b01f7497e9506944334a116189821bd5a0fb8b6f7420e8eae33,Showdown Survivor,trio showdown,all,0.8.15,-1
2026-09-10T05:07:06.867495,crow,draw,794,,1,f5da7256b07f5b01f7497e9506944334a116189821bd5a0fb8b6f7420e8eae33,Showdown Survivor,trio showdown,all,0.8.15,-1
2026-09-10T05:10:01.379694,crow,victory,794,,2,f5da7256b07f5b01f7497e9506944334a116189821bd5a0fb8b6f7420e8eae33,Showdown Survivor,trio showdown,all,0.8.15,-1
2026-09-10T05:12:22.869044,crow,victory,807,,3,f5da7256b07f5b01f7497e9506944334a116189821bd5a0fb8b6f7420e8eae33,Showdown Survivor,trio showdown,all,0.8.15,-1
2026-09-10T05:15:22.464292,crow,victory,807,,4,f5da7256b07f5b01f7497e9506944334a116189821bd5a0fb8b6f7420e8eae33,Showdown Survivor,trio showdown,all,0.8.15,-1
2026-09-10T05:17:30.559855,crow,victory,807,,5,f5da7256b07f5b01f7497e9506944334a116189821bd5a0fb8b6f7420e8eae33,Showdown Survivor,trio showdown,all,0.8.15,-1
2026-09-10T05:19:13.392409,crow,victory,807,,6,f5da7256b07f5b01f7497e9506944334a116189821bd5a0fb8b6f7420e8eae33,Showdown Survivor,trio showdown,all,0.8.15,-1
2026-09-10T05:21:37.246295,crow,draw,807,,6,f5da7256b07f5b01f7497e9506944334a116189821bd5a0fb8b6f7420e8eae33,Showdown Survivor,trio showdown,all,0.8.15,-1
2026-09-10T05:23:16.604442,crow,defeat,807,,0,f5da7256b07f5b01f7497e9506944334a116189821bd5a0fb8b6f7420e8eae33,Showdown Survivor,trio showdown,all,0.8.15,-1
2026-09-10T05:25:18.897477,crow,victory,807,,1,f5da7256b07f5b01f7497e9506944334a116189821bd5a0fb8b6f7420e8eae33,Showdown Survivor,trio showdown,all,0.8.15,-1
2026-09-10T05:27:35.549942,crow,victory,807,,2,f5da7256b07f5b01f7497e9506944334a116189821bd5a0fb8b6f7420e8eae33,Showdown Survivor,trio showdown,all,0.8.15,-1
2026-09-10T05:29:41.128075,crow,defeat,807,,0,f5da7256b07f5b01f7497e9506944334a116189821bd5a0fb8b6f7420e8eae33,Showdown Survivor,trio showdown,all,0.8.15,-1
2026-09-10T05:31:25.481524,crow,victory,807,,1,f5da7256b07f5b01f7497e9506944334a116189821bd5a0fb8b6f7420e8eae33,Showdown Survivor,trio showdown,all,0.8.15,-1
2026-09-10T05:33:24.894005,crow,draw,856,,1,f5da7256b07f5b01f7497e9506944334a116189821bd5a0fb8b6f7420e8eae33,Showdown Survivor,trio showdown,all,0.8.15,-1
2026-09-10T05:35:10.392404,crow,victory,856,,2,f5da7256b07f5b01f7497e9506944334a116189821bd5a0fb8b6f7420e8eae33,Showdown Survivor,trio showdown,all,0.8.15,-1
2026-09-10T05:36:30.887276,crow,defeat,869,,0,f5da7256b07f5b01f7497e9506944334a116189821bd5a0fb8b6f7420e8eae33,Showdown Survivor,trio showdown,all,0.8.15,-1
2026-09-10T05:39:03.127893,crow,victory,869,,1,f5da7256b07f5b01f7497e9506944334a116189821bd5a0fb8b6f7420e8eae33,Showdown Survivor,trio showdown,all,0.8.15,-1
2026-09-10T05:41:31.136513,crow,draw,869,,1,f5da7256b07f5b01f7497e9506944334a116189821bd5a0fb8b6f7420e8eae33,Showdown Survivor,trio showdown,all,0.8.15,-1
2026-09-10T05:43:18.840946,crow,draw,869,,1,f5da7256b07f5b01f7497e9506944334a116189821bd5a0fb8b6f7420e8eae33,Showdown Survivor,trio showdown,all,0.8.15,-1
2026-09-10T05:45:26.744939,crow,victory,869,,2,f5da7256b07f5b01f7497e9506944334a116189821bd5a0fb8b6f7420e8eae33,Showdown Survivor,trio showdown,all,0.8.15,-1
2026-09-10T05:46:50.416551,crow,defeat,884,,0,f5da7256b07f5b01f7497e9506944334a116189821bd5a0fb8b6f7420e8eae33,Showdown Survivor,trio showdown,all,0.8.15,-1
2026-09-10T05:49:08.075452,crow,victory,884,,1,f5da7256b07f5b01f7497e9506944334a116189821bd5a0fb8b6f7420e8eae33,Showdown Survivor,trio showdown,all,0.8.15,-1
2026-09-10T05:50:57.111346,crow,victory,884,,2,f5da7256b07f5b01f7497e9506944334a116189821bd5a0fb8b6f7420e8eae33,Showdown Survivor,trio showdown,all,0.8.15,-1
2026-09-10T05:53:05.196088,crow,victory,884,,3,f5da7256b07f5b01f7497e9506944334a116189821bd5a0fb8b6f7420e8eae33,Showdown Survivor,trio showdown,all,0.8.15,-1
2026-09-10T05:54:38.755761,crow,draw,884,,3,f5da7256b07f5b01f7497e9506944334a116189821bd5a0fb8b6f7420e8eae33,Showdown Survivor,trio showdown,all,0.8.15,-1
2026-09-10T05:56:05.793058,crow,draw,884,,3,f5da7256b07f5b01f7497e9506944334a116189821bd5a0fb8b6f7420e8eae33,Showdown Survivor,trio showdown,all,0.8.15,-1
2026-09-10T05:58:49.057505,crow,victory,884,,4,f5da7256b07f5b01f7497e9506944334a116189821bd5a0fb8b6f7420e8eae33,Showdown Survivor,trio showdown,all,0.8.15,-1
2026-09-10T06:00:59.215667,crow,victory,884,,5,f5da7256b07f5b01f7497e9506944334a116189821bd5a0fb8b6f7420e8eae33,Showdown Survivor,trio showdown,all,0.8.15,-1
2026-09-10T06:03:07.762213,crow,victory,884,,6,f5da7256b07f5b01f7497e9506944334a116189821bd5a0fb8b6f7420e8eae33,Showdown Survivor,trio showdown,all,0.8.15,-1
2026-09-10T06:04:30.237174,crow,draw,939,,6,f5da7256b07f5b01f7497e9506944334a116189821bd5a0fb8b6f7420e8eae33,Showdown Survivor,trio showdown,all,0.8.15,-1
2026-09-10T06:06:22.961265,crow,victory,939,,7,f5da7256b07f5b01f7497e9506944334a116189821bd5a0fb8b6f7420e8eae33,Showdown Survivor,trio showdown,all,0.8.15,-1
2026-09-10T06:08:35.207386,crow,victory,939,,8,f5da7256b07f5b01f7497e9506944334a116189821bd5a0fb8b6f7420e8eae33,Showdown Survivor,trio showdown,all,0.8.15,-1
2026-09-10T06:10:40.353061,crow,victory,939,,9,f5da7256b07f5b01f7497e9506944334a116189821bd5a0fb8b6f7420e8eae33,Showdown Survivor,trio showdown,all,0.8.15,-1
2026-09-10T06:12:41.533146,crow,victory,982,,10,f5da7256b07f5b01f7497e9506944334a116189821bd5a0fb8b6f7420e8eae33,Showdown Survivor,trio showdown,all,0.8.15,-1
2026-09-10T06:14:05.430307,crow,defeat,996,,0,f5da7256b07f5b01f7497e9506944334a116189821bd5a0fb8b6f7420e8eae33,Showdown Survivor,trio showdown,all,0.8.15,-1
2026-09-10T06:16:26.112997,crow,victory,992,,1,f5da7256b07f5b01f7497e9506944334a116189821bd5a0fb8b6f7420e8eae33,Showdown Survivor,trio showdown,all,0.8.15,-1
2026-09-10T06:18:18.553773,crow,victory,992,,2,f5da7256b07f5b01f7497e9506944334a116189821bd5a0fb8b6f7420e8eae33,Showdown Survivor,trio showdown,all,0.8.15,-1
2026-09-10T06:21:29.062472,crow,victory,992,,3,f5da7256b07f5b01f7497e9506944334a116189821bd5a0fb8b6f7420e8eae33,Showdown Survivor,trio showdown,all,0.8.15,-1
2026-09-10T06:23:07.931282,crow,draw,992,,3,f5da7256b07f5b01f7497e9506944334a116189821bd5a0fb8b6f7420e8eae33,Showdown Survivor,trio showdown,all,0.8.15,-1
2026-09-10T06:25:23.872883,crow,victory,992,,4,f5da7256b07f5b01f7497e9506944334a116189821bd5a0fb8b6f7420e8eae33,Showdown Survivor,trio showdown,all,0.8.15,-1
2026-09-10T06:27:01.989430,crow,victory,992,,5,f5da7256b07f5b01f7497e9506944334a116189821bd5a0fb8b6f7420e8eae33,Showdown Survivor,trio showdown,all,0.8.15,-1
2026-09-10T06:28:48.131210,crow,victory,992,,6,f5da7256b07f5b01f7497e9506944334a116189821bd5a0fb8b6f7420e8eae33,Showdown Survivor,trio showdown,all,0.8.15,-1
2026-09-10T06:30:29.668585,crow,defeat,992,,0,f5da7256b07f5b01f7497e9506944334a116189821bd5a0fb8b6f7420e8eae33,Showdown Survivor,trio showdown,all,0.8.15,-1
2026-09-10T06:32:51.636891,crow,victory,992,,1,f5da7256b07f5b01f7497e9506944334a116189821bd5a0fb8b6f7420e8eae33,Showdown Survivor,trio showdown,all,0.8.15,-1
2026-09-10T06:34:34.254841,crow,victory,992,,2,f5da7256b07f5b01f7497e9506944334a116189821bd5a0fb8b6f7420e8eae33,Showdown Survivor,trio showdown,all,0.8.15,-1
2026-09-10T06:36:14.852563,crow,defeat,992,,0,f5da7256b07f5b01f7497e9506944334a116189821bd5a0fb8b6f7420e8eae33,Showdown Survivor,trio showdown,all,0.8.15,-1
2026-09-10T06:38:22.338826,crow,victory,992,,1,f5da7256b07f5b01f7497e9506944334a116189821bd5a0fb8b6f7420e8eae33,Showdown Survivor,trio showdown,all,0.8.15,-1
2026-09-10T06:40:38.916717,crow,victory,992,,2,f5da7256b07f5b01f7497e9506944334a116189821bd5a0fb8b6f7420e8eae33,Showdown Survivor,trio showdown,all,0.8.15,-1
2026-09-10T06:42:27.070092,crow,draw,992,,2,f5da7256b07f5b01f7497e9506944334a116189821bd5a0fb8b6f7420e8eae33,Showdown Survivor,trio showdown,all,0.8.15,-1
2026-09-10T06:44:56.701185,crow,victory,992,,3,f5da7256b07f5b01f7497e9506944334a116189821bd5a0fb8b6f7420e8eae33,Showdown Survivor,trio showdown,all,0.8.15,-1
2026-09-10T06:46:32.572385,crow,defeat,992,,0,f5da7256b07f5b01f7497e9506944334a116189821bd5a0fb8b6f7420e8eae33,Showdown Survivor,trio showdown,all,0.8.15,-1
2026-09-10T06:48:45.180239,crow,victory,992,,1,f5da7256b07f5b01f7497e9506944334a116189821bd5a0fb8b6f7420e8eae33,Showdown Survivor,trio showdown,all,0.8.15,-1
2026-09-10T16:54:18.459392,maisie,victory,266,,1,f5da7256b07f5b01f7497e9506944334a116189821bd5a0fb8b6f7420e8eae33,Showdown Survivor,trio showdown,all,0.8.15,-1
2026-09-10T16:56:16.001757,maisie,victory,266,,2,f5da7256b07f5b01f7497e9506944334a116189821bd5a0fb8b6f7420e8eae33,Showdown Survivor,trio showdown,all,0.8.15,-1
2026-09-10T16:57:43.352592,maisie,victory,266,,3,f5da7256b07f5b01f7497e9506944334a116189821bd5a0fb8b6f7420e8eae33,Showdown Survivor,trio showdown,all,0.8.15,-1
2026-09-10T16:58:53.118876,maisie,draw,266,,3,f5da7256b07f5b01f7497e9506944334a116189821bd5a0fb8b6f7420e8eae33,Showdown Survivor,trio showdown,all,0.8.15,-1
2026-09-10T17:00:51.425542,maisie,victory,295,,4,f5da7256b07f5b01f7497e9506944334a116189821bd5a0fb8b6f7420e8eae33,Showdown Survivor,trio showdown,all,0.8.15,-1
2026-09-10T17:03:01.089074,maisie,draw,304,,4,f5da7256b07f5b01f7497e9506944334a116189821bd5a0fb8b6f7420e8eae33,Showdown Survivor,trio showdown,all,0.8.15,-1
2026-09-10T17:05:30.598743,maisie,victory,306,,5,f5da7256b07f5b01f7497e9506944334a116189821bd5a0fb8b6f7420e8eae33,Showdown Survivor,trio showdown,all,0.8.15,-1
2026-09-10T17:07:24.117892,maisie,victory,322,,6,f5da7256b07f5b01f7497e9506944334a116189821bd5a0fb8b6f7420e8eae33,Showdown Survivor,trio showdown,all,0.8.15,-1
2026-09-10T17:10:00.535268,maisie,victory,333,,7,f5da7256b07f5b01f7497e9506944334a116189821bd5a0fb8b6f7420e8eae33,Showdown Survivor,trio showdown,all,0.8.15,-1
2026-09-10T17:12:49.727580,maisie,draw,351,,7,f5da7256b07f5b01f7497e9506944334a116189821bd5a0fb8b6f7420e8eae33,Showdown Survivor,trio showdown,all,0.8.15,-1
2026-09-10T17:14:37.251069,maisie,victory,351,,8,f5da7256b07f5b01f7497e9506944334a116189821bd5a0fb8b6f7420e8eae33,Showdown Survivor,trio showdown,all,0.8.15,-1
2026-09-10T17:16:01.218370,maisie,draw,351,,8,f5da7256b07f5b01f7497e9506944334a116189821bd5a0fb8b6f7420e8eae33,Showdown Survivor,trio showdown,all,0.8.15,-1
2026-09-10T17:18:09.205561,maisie,victory,374,,9,f5da7256b07f5b01f7497e9506944334a116189821bd5a0fb8b6f7420e8eae33,Showdown Survivor,trio showdown,all,0.8.15,-1
2026-09-10T17:19:59.484408,maisie,victory,374,,10,f5da7256b07f5b01f7497e9506944334a116189821bd5a0fb8b6f7420e8eae33,Showdown Survivor,trio showdown,all,0.8.15,-1
2026-09-10T17:21:56.937849,maisie,victory,374,,11,f5da7256b07f5b01f7497e9506944334a116189821bd5a0fb8b6f7420e8eae33,Showdown Survivor,trio showdown,all,0.8.15,-1
2026-09-10T17:24:45.613413,maisie,victory,374,,12,f5da7256b07f5b01f7497e9506944334a116189821bd5a0fb8b6f7420e8eae33,Showdown Survivor,trio showdown,all,0.8.15,-1
2026-09-10T17:27:01.641731,maisie,victory,445,,13,f5da7256b07f5b01f7497e9506944334a116189821bd5a0fb8b6f7420e8eae33,Showdown Survivor,trio showdown,all,0.8.15,-1
2026-09-10T17:28:34.660896,maisie,draw,445,,13,f5da7256b07f5b01f7497e9506944334a116189821bd5a0fb8b6f7420e8eae33,Showdown Survivor,trio showdown,all,0.8.15,-1
2026-09-10T17:30:05.751832,maisie,draw,468,,13,f5da7256b07f5b01f7497e9506944334a116189821bd5a0fb8b6f7420e8eae33,Showdown Survivor,trio showdown,all,0.8.15,-1
2026-09-10T17:31:20.037112,maisie,victory,470,,14,f5da7256b07f5b01f7497e9506944334a116189821bd5a0fb8b6f7420e8eae33,Showdown Survivor,trio showdown,all,0.8.15,-1
2026-09-10T17:32:42.199173,maisie,victory,470,,15,f5da7256b07f5b01f7497e9506944334a116189821bd5a0fb8b6f7420e8eae33,Showdown Survivor,trio showdown,all,0.8.15,-1
2026-09-10T17:34:44.511170,maisie,victory,470,,16,f5da7256b07f5b01f7497e9506944334a116189821bd5a0fb8b6f7420e8eae33,Showdown Survivor,trio showdown,all,0.8.15,-1
2026-09-10T17:36:04.381865,maisie,victory,470,,17,f5da7256b07f5b01f7497e9506944334a116189821bd5a0fb8b6f7420e8eae33,Showdown Survivor,trio showdown,all,0.8.15,-1
2026-09-10T17:37:15.479165,maisie,draw,470,,17,f5da7256b07f5b01f7497e9506944334a116189821bd5a0fb8b6f7420e8eae33,Showdown Survivor,trio showdown,all,0.8.15,-1
2026-09-10T17:39:25.815061,maisie,victory,537,,18,f5da7256b07f5b01f7497e9506944334a116189821bd5a0fb8b6f7420e8eae33,Showdown Survivor,trio showdown,all,0.8.15,-1
2026-09-10T17:40:25.441304,maisie,defeat,537,,0,f5da7256b07f5b01f7497e9506944334a116189821bd5a0fb8b6f7420e8eae33,Showdown Survivor,trio showdown,all,0.8.15,-1
2026-09-10T17:42:33.048279,maisie,victory,537,,1,f5da7256b07f5b01f7497e9506944334a116189821bd5a0fb8b6f7420e8eae33,Showdown Survivor,trio showdown,all,0.8.15,-1
2026-09-10T17:43:49.916866,maisie,victory,537,,2,f5da7256b07f5b01f7497e9506944334a116189821bd5a0fb8b6f7420e8eae33,Showdown Survivor,trio showdown,all,0.8.15,-1
2026-09-10T17:46:27.734656,maisie,victory,573,,3,f5da7256b07f5b01f7497e9506944334a116189821bd5a0fb8b6f7420e8eae33,Showdown Survivor,trio showdown,all,0.8.15,-1
2026-09-10T17:48:43.143598,maisie,victory,573,,4,f5da7256b07f5b01f7497e9506944334a116189821bd5a0fb8b6f7420e8eae33,Showdown Survivor,trio showdown,all,0.8.15,-1
2026-09-10T17:50:27.350947,maisie,victory,573,,5,f5da7256b07f5b01f7497e9506944334a116189821bd5a0fb8b6f7420e8eae33,Showdown Survivor,trio showdown,all,0.8.15,-1
2026-09-10T17:53:13.330469,maisie,victory,603,,6,f5da7256b07f5b01f7497e9506944334a116189821bd5a0fb8b6f7420e8eae33,Showdown Survivor,trio showdown,all,0.8.15,-1
2026-09-10T17:55:26.966219,maisie,draw,613,,6,f5da7256b07f5b01f7497e9506944334a116189821bd5a0fb8b6f7420e8eae33,Showdown Survivor,trio showdown,all,0.8.15,-1
2026-09-10T17:56:49.912320,maisie,victory,614,,7,f5da7256b07f5b01f7497e9506944334a116189821bd5a0fb8b6f7420e8eae33,Showdown Survivor,trio showdown,all,0.8.15,-1
2026-09-10T17:58:38.529583,maisie,victory,631,,8,f5da7256b07f5b01f7497e9506944334a116189821bd5a0fb8b6f7420e8eae33,Showdown Survivor,trio showdown,all,0.8.15,-1
2026-09-10T18:01:00.106740,maisie,victory,631,,9,f5da7256b07f5b01f7497e9506944334a116189821bd5a0fb8b6f7420e8eae33,Showdown Survivor,trio showdown,all,0.8.15,-1
2026-09-10T18:02:34.824010,maisie,victory,662,,10,f5da7256b07f5b01f7497e9506944334a116189821bd5a0fb8b6f7420e8eae33,Showdown Survivor,trio showdown,all,0.8.15,-1
2026-09-10T18:04:06.670295,maisie,draw,662,,10,f5da7256b07f5b01f7497e9506944334a116189821bd5a0fb8b6f7420e8eae33,Showdown Survivor,trio showdown,all,0.8.15,-1
2026-09-10T18:06:04.662769,maisie,draw,683,,10,f5da7256b07f5b01f7497e9506944334a116189821bd5a0fb8b6f7420e8eae33,Showdown Survivor,trio showdown,all,0.8.15,-1
2026-09-10T18:08:38.899072,maisie,victory,683,,11,f5da7256b07f5b01f7497e9506944334a116189821bd5a0fb8b6f7420e8eae33,Showdown Survivor,trio showdown,all,0.8.15,-1
2026-09-10T18:10:23.013691,maisie,victory,683,,12,f5da7256b07f5b01f7497e9506944334a116189821bd5a0fb8b6f7420e8eae33,Showdown Survivor,trio showdown,all,0.8.15,-1
2026-09-10T18:14:40.242250,maisie,victory,726,,13,f5da7256b07f5b01f7497e9506944334a116189821bd5a0fb8b6f7420e8eae33,Showdown Survivor,trio showdown,all,0.8.15,-1
2026-09-10T18:16:24.605719,maisie,victory,726,,14,f5da7256b07f5b01f7497e9506944334a116189821bd5a0fb8b6f7420e8eae33,Showdown Survivor,trio showdown,all,0.8.15,-1
2026-09-10T18:18:39.560941,maisie,draw,768,,14,f5da7256b07f5b01f7497e9506944334a116189821bd5a0fb8b6f7420e8eae33,Showdown Survivor,trio showdown,all,0.8.15,-1
2026-09-10T18:21:10.019104,maisie,draw,768,,14,f5da7256b07f5b01f7497e9506944334a116189821bd5a0fb8b6f7420e8eae33,Showdown Survivor,trio showdown,all,0.8.15,-1
2026-09-10T18:22:48.113888,maisie,victory,768,,15,f5da7256b07f5b01f7497e9506944334a116189821bd5a0fb8b6f7420e8eae33,Showdown Survivor,trio showdown,all,0.8.15,-1
2026-09-10T18:25:21.446525,maisie,victory,768,,16,f5da7256b07f5b01f7497e9506944334a116189821bd5a0fb8b6f7420e8eae33,Showdown Survivor,trio showdown,all,0.8.15,-1
2026-09-10T18:26:38.095825,maisie,victory,768,,17,f5da7256b07f5b01f7497e9506944334a116189821bd5a0fb8b6f7420e8eae33,Showdown Survivor,trio showdown,all,0.8.15,-1
2026-09-10T18:28:09.939562,maisie,draw,768,,17,f5da7256b07f5b01f7497e9506944334a116189821bd5a0fb8b6f7420e8eae33,Showdown Survivor,trio showdown,all,0.8.15,-1
2026-09-10T18:30:39.006431,maisie,victory,768,,18,f5da7256b07f5b01f7497e9506944334a116189821bd5a0fb8b6f7420e8eae33,Showdown Survivor,trio showdown,all,0.8.15,-1
2026-09-10T18:31:43.379620,maisie,defeat,768,,0,f5da7256b07f5b01f7497e9506944334a116189821bd5a0fb8b6f7420e8eae33,Showdown Survivor,trio showdown,all,0.8.15,-1
2026-09-10T18:33:47.407417,maisie,victory,768,,1,f5da7256b07f5b01f7497e9506944334a116189821bd5a0fb8b6f7420e8eae33,Showdown Survivor,trio showdown,all,0.8.15,-1
2026-09-10T18:35:26.962262,maisie,victory,768,,2,f5da7256b07f5b01f7497e9506944334a116189821bd5a0fb8b6f7420e8eae33,Showdown Survivor,trio showdown,all,0.8.15,-1
2026-09-10T18:38:27.846069,maisie,victory,768,,3,f5da7256b07f5b01f7497e9506944334a116189821bd5a0fb8b6f7420e8eae33,Showdown Survivor,trio showdown,all,0.8.15,-1
2026-09-10T18:39:59.400671,maisie,defeat,768,,0,f5da7256b07f5b01f7497e9506944334a116189821bd5a0fb8b6f7420e8eae33,Showdown Survivor,trio showdown,all,0.8.15,-1
2026-09-10T18:41:34.613023,maisie,victory,768,,1,f5da7256b07f5b01f7497e9506944334a116189821bd5a0fb8b6f7420e8eae33,Showdown Survivor,trio showdown,all,0.8.15,-1
2026-09-10T18:43:20.054966,maisie,victory,768,,2,f5da7256b07f5b01f7497e9506944334a116189821bd5a0fb8b6f7420e8eae33,Showdown Survivor,trio showdown,all,0.8.15,-1
2026-09-10T18:44:24.790508,maisie,draw,870,,2,f5da7256b07f5b01f7497e9506944334a116189821bd5a0fb8b6f7420e8eae33,Showdown Survivor,trio showdown,all,0.8.15,-1
2026-09-10T18:46:32.809525,maisie,victory,870,,3,f5da7256b07f5b01f7497e9506944334a116189821bd5a0fb8b6f7420e8eae33,Showdown Survivor,trio showdown,all,0.8.15,-1
2026-09-10T18:48:07.826274,maisie,draw,870,,3,f5da7256b07f5b01f7497e9506944334a116189821bd5a0fb8b6f7420e8eae33,Showdown Survivor,trio showdown,all,0.8.15,-1
2026-09-10T18:49:50.556496,maisie,victory,885,,4,f5da7256b07f5b01f7497e9506944334a116189821bd5a0fb8b6f7420e8eae33,Showdown Survivor,trio showdown,all,0.8.15,-1
2026-09-10T18:51:50.098630,maisie,victory,885,,5,f5da7256b07f5b01f7497e9506944334a116189821bd5a0fb8b6f7420e8eae33,Showdown Survivor,trio showdown,all,0.8.15,-1
2026-09-10T18:54:12.075854,maisie,victory,885,,6,f5da7256b07f5b01f7497e9506944334a116189821bd5a0fb8b6f7420e8eae33,Showdown Survivor,trio showdown,all,0.8.15,-1
2026-09-10T18:55:41.339911,maisie,victory,885,,7,f5da7256b07f5b01f7497e9506944334a116189821bd5a0fb8b6f7420e8eae33,Showdown Survivor,trio showdown,all,0.8.15,-1
2026-09-10T18:57:07.631796,maisie,defeat,885,,0,f5da7256b07f5b01f7497e9506944334a116189821bd5a0fb8b6f7420e8eae33,Showdown Survivor,trio showdown,all,0.8.15,-1
2026-09-10T18:58:54.815766,maisie,victory,885,,1,f5da7256b07f5b01f7497e9506944334a116189821bd5a0fb8b6f7420e8eae33,Showdown Survivor,trio showdown,all,0.8.15,-1
2026-09-10T19:00:22.982821,maisie,victory,885,,2,f5da7256b07f5b01f7497e9506944334a116189821bd5a0fb8b6f7420e8eae33,Showdown Survivor,trio showdown,all,0.8.15,-1
2026-09-10T19:02:09.875732,maisie,victory,885,,3,f5da7256b07f5b01f7497e9506944334a116189821bd5a0fb8b6f7420e8eae33,Showdown Survivor,trio showdown,all,0.8.15,-1
2026-09-10T19:03:34.244210,maisie,draw,885,,3,f5da7256b07f5b01f7497e9506944334a116189821bd5a0fb8b6f7420e8eae33,Showdown Survivor,trio showdown,all,0.8.15,-1
2026-09-10T19:05:34.007847,maisie,victory,885,,4,f5da7256b07f5b01f7497e9506944334a116189821bd5a0fb8b6f7420e8eae33,Showdown Survivor,trio showdown,all,0.8.15,-1
2026-09-10T19:07:28.697285,maisie,defeat,885,,0,f5da7256b07f5b01f7497e9506944334a116189821bd5a0fb8b6f7420e8eae33,Showdown Survivor,trio showdown,all,0.8.15,-1
2026-09-10T19:10:51.319495,maisie,draw,885,,0,f5da7256b07f5b01f7497e9506944334a116189821bd5a0fb8b6f7420e8eae33,Showdown Survivor,trio showdown,all,0.8.15,-1
2026-09-10T19:12:29.399722,maisie,victory,885,,1,f5da7256b07f5b01f7497e9506944334a116189821bd5a0fb8b6f7420e8eae33,Showdown Survivor,trio showdown,all,0.8.15,-1
2026-09-10T19:14:25.650786,maisie,defeat,885,,0,f5da7256b07f5b01f7497e9506944334a116189821bd5a0fb8b6f7420e8eae33,Showdown Survivor,trio showdown,all,0.8.15,-1
2026-09-10T19:17:11.396955,maisie,victory,885,,1,f5da7256b07f5b01f7497e9506944334a116189821bd5a0fb8b6f7420e8eae33,Showdown Survivor,trio showdown,all,0.8.15,-1
2026-09-10T19:18:20.462326,maisie,draw,985,,1,f5da7256b07f5b01f7497e9506944334a116189821bd5a0fb8b6f7420e8eae33,Showdown Survivor,trio showdown,all,0.8.15,-1
2026-09-10T19:19:29.749305,maisie,defeat,985,,0,f5da7256b07f5b01f7497e9506944334a116189821bd5a0fb8b6f7420e8eae33,Showdown Survivor,trio showdown,all,0.8.15,-1
2026-09-10T19:21:28.831752,maisie,victory,985,,1,f5da7256b07f5b01f7497e9506944334a116189821bd5a0fb8b6f7420e8eae33,Showdown Survivor,trio showdown,all,0.8.15,-1
2026-09-10T19:24:21.480508,maisie,victory,985,,2,f5da7256b07f5b01f7497e9506944334a116189821bd5a0fb8b6f7420e8eae33,Showdown Survivor,trio showdown,all,0.8.15,-1
2026-09-10T19:27:56.459923,maisie,victory,985,,3,f5da7256b07f5b01f7497e9506944334a116189821bd5a0fb8b6f7420e8eae33,Showdown Survivor,trio showdown,all,0.8.15,-1
2026-09-10T19:29:47.121691,maisie,victory,985,,4,f5da7256b07f5b01f7497e9506944334a116189821bd5a0fb8b6f7420e8eae33,Showdown Survivor,trio showdown,all,0.8.15,-1
2026-09-11T07:49:44.374851,belle,defeat,242,,0,f5da7256b07f5b01f7497e9506944334a116189821bd5a0fb8b6f7420e8eae33,Showdown Survivor,trio showdown,all,0.8.15,-1
2026-09-11T07:52:12.228057,belle,victory,242,,1,f5da7256b07f5b01f7497e9506944334a116189821bd5a0fb8b6f7420e8eae33,Showdown Survivor,trio showdown,all,0.8.15,-1
2026-09-11T07:54:01.639854,belle,victory,242,,2,f5da7256b07f5b01f7497e9506944334a116189821bd5a0fb8b6f7420e8eae33,Showdown Survivor,trio showdown,all,0.8.15,-1
2026-09-11T07:56:45.853409,belle,victory,242,,3,f5da7256b07f5b01f7497e9506944334a116189821bd5a0fb8b6f7420e8eae33,Showdown Survivor,trio showdown,all,0.8.15,-1
2026-09-11T07:58:42.312485,belle,victory,265,,4,f5da7256b07f5b01f7497e9506944334a116189821bd5a0fb8b6f7420e8eae33,Showdown Survivor,trio showdown,all,0.8.15,-1
2026-09-11T14:38:16.100468,belle,victory,219,,5,f5da7256b07f5b01f7497e9506944334a116189821bd5a0fb8b6f7420e8eae33,Showdown Survivor,trio showdown,all,0.8.15,-1
2026-09-11T14:39:36.887336,belle,victory,219,,6,f5da7256b07f5b01f7497e9506944334a116189821bd5a0fb8b6f7420e8eae33,Showdown Survivor,trio showdown,all,0.8.15,-1
2026-09-11T14:41:16.863030,belle,victory,219,,7,f5da7256b07f5b01f7497e9506944334a116189821bd5a0fb8b6f7420e8eae33,Showdown Survivor,trio showdown,all,0.8.15,-1
2026-09-11T14:42:44.117017,belle,draw,219,,7,f5da7256b07f5b01f7497e9506944334a116189821bd5a0fb8b6f7420e8eae33,Showdown Survivor,trio showdown,all,0.8.15,-1
2026-09-11T14:44:39.218828,belle,victory,219,,8,f5da7256b07f5b01f7497e9506944334a116189821bd5a0fb8b6f7420e8eae33,Showdown Survivor,trio showdown,all,0.8.15,-1
2026-09-11T14:46:17.520861,belle,draw,219,,8,f5da7256b07f5b01f7497e9506944334a116189821bd5a0fb8b6f7420e8eae33,Showdown Survivor,trio showdown,all,0.8.15,-1
2026-09-11T14:48:41.011185,belle,victory,219,,9,f5da7256b07f5b01f7497e9506944334a116189821bd5a0fb8b6f7420e8eae33,Showdown Survivor,trio showdown,all,0.8.15,-1
2026-09-11T14:49:44.903463,belle,defeat,219,,0,f5da7256b07f5b01f7497e9506944334a116189821bd5a0fb8b6f7420e8eae33,Showdown Survivor,trio showdown,all,0.8.15,-1
2026-09-11T14:51:39.960664,belle,victory,115,,1,f5da7256b07f5b01f7497e9506944334a116189821bd5a0fb8b6f7420e8eae33,Showdown Survivor,trio showdown,all,0.8.15,-1
2026-09-11T14:52:46.703579,belle,defeat,115,,0,f5da7256b07f5b01f7497e9506944334a116189821bd5a0fb8b6f7420e8eae33,Showdown Survivor,trio showdown,all,0.8.15,-1
2026-09-11T14:54:37.444162,belle,victory,115,,1,f5da7256b07f5b01f7497e9506944334a116189821bd5a0fb8b6f7420e8eae33,Showdown Survivor,trio showdown,all,0.8.15,-1
2026-09-11T14:57:32.539461,belle,victory,195,,2,f5da7256b07f5b01f7497e9506944334a116189821bd5a0fb8b6f7420e8eae33,Showdown Survivor,trio showdown,all,0.8.15,-1
2026-09-11T15:08:29.671792,belle,victory,235,,3,f5da7256b07f5b01f7497e9506944334a116189821bd5a0fb8b6f7420e8eae33,Showdown Survivor,trio showdown,all,0.8.15,-1
2026-09-11T15:10:54.240115,belle,victory,235,,4,f5da7256b07f5b01f7497e9506944334a116189821bd5a0fb8b6f7420e8eae33,Showdown Survivor,trio showdown,all,0.8.15,-1
2026-09-11T15:12:06.437327,belle,draw,235,,4,f5da7256b07f5b01f7497e9506944334a116189821bd5a0fb8b6f7420e8eae33,Showdown Survivor,trio showdown,all,0.8.15,-1
2026-09-11T15:13:50.208112,belle,victory,235,,5,f5da7256b07f5b01f7497e9506944334a116189821bd5a0fb8b6f7420e8eae33,Showdown Survivor,trio showdown,all,0.8.15,-1
2026-09-11T15:15:34.797586,belle,defeat,235,,0,f5da7256b07f5b01f7497e9506944334a116189821bd5a0fb8b6f7420e8eae33,Showdown Survivor,trio showdown,all,0.8.15,-1
2026-09-11T15:20:50.901678,belle,draw,235,,0,f5da7256b07f5b01f7497e9506944334a116189821bd5a0fb8b6f7420e8eae33,Showdown Survivor,trio showdown,all,0.8.15,-1
2026-09-11T15:23:16.543573,belle,draw,235,,0,f5da7256b07f5b01f7497e9506944334a116189821bd5a0fb8b6f7420e8eae33,Showdown Survivor,trio showdown,all,0.8.15,-1
2026-09-11T15:25:39.232334,belle,victory,235,,1,f5da7256b07f5b01f7497e9506944334a116189821bd5a0fb8b6f7420e8eae33,Showdown Survivor,trio showdown,all,0.8.15,-1
2026-09-11T15:27:04.013824,belle,defeat,235,,0,f5da7256b07f5b01f7497e9506944334a116189821bd5a0fb8b6f7420e8eae33,Showdown Survivor,trio showdown,all,0.8.15,-1
2026-09-11T15:29:23.128978,belle,victory,235,,1,f5da7256b07f5b01f7497e9506944334a116189821bd5a0fb8b6f7420e8eae33,Showdown Survivor,trio showdown,all,0.8.15,-1
2026-09-11T15:30:53.580575,belle,defeat,235,,0,f5da7256b07f5b01f7497e9506944334a116189821bd5a0fb8b6f7420e8eae33,Showdown Survivor,trio showdown,all,0.8.15,-1
2026-09-11T15:32:30.485360,belle,defeat,235,,0,f5da7256b07f5b01f7497e9506944334a116189821bd5a0fb8b6f7420e8eae33,Showdown Survivor,trio showdown,all,0.8.15,-1
2026-09-11T15:34:57.201702,belle,victory,235,,1,f5da7256b07f5b01f7497e9506944334a116189821bd5a0fb8b6f7420e8eae33,Showdown Survivor,trio showdown,all,0.8.15,-1
2026-09-11T15:35:58.700041,belle,defeat,235,,0,f5da7256b07f5b01f7497e9506944334a116189821bd5a0fb8b6f7420e8eae33,Showdown Survivor,trio showdown,all,0.8.15,-1
2026-09-11T15:38:45.864397,belle,victory,235,,1,f5da7256b07f5b01f7497e9506944334a116189821bd5a0fb8b6f7420e8eae33,Showdown Survivor,trio showdown,all,0.8.15,-1
2026-09-11T15:40:54.410323,belle,victory,235,,2,f5da7256b07f5b01f7497e9506944334a116189821bd5a0fb8b6f7420e8eae33,Showdown Survivor,trio showdown,all,0.8.15,-1
2026-09-11T15:43:26.947961,belle,victory,235,,3,f5da7256b07f5b01f7497e9506944334a116189821bd5a0fb8b6f7420e8eae33,Showdown Survivor,trio showdown,all,0.8.15,-1
2026-09-11T15:44:30.439825,belle,defeat,235,,0,f5da7256b07f5b01f7497e9506944334a116189821bd5a0fb8b6f7420e8eae33,Showdown Survivor,trio showdown,all,0.8.15,-1
2026-09-11T15:46:35.953435,belle,defeat,235,,0,f5da7256b07f5b01f7497e9506944334a116189821bd5a0fb8b6f7420e8eae33,Showdown Survivor,trio showdown,all,0.8.15,-1
2026-09-11T15:49:11.917166,belle,draw,235,,0,f5da7256b07f5b01f7497e9506944334a116189821bd5a0fb8b6f7420e8eae33,Showdown Survivor,trio showdown,all,0.8.15,-1
2026-09-11T15:54:17.908222,belle,victory,235,,1,f5da7256b07f5b01f7497e9506944334a116189821bd5a0fb8b6f7420e8eae33,Showdown Survivor,trio showdown,all,0.8.15,-1
2026-09-11T19:45:28.086728,belle,draw,480,,0,f5da7256b07f5b01f7497e9506944334a116189821bd5a0fb8b6f7420e8eae33,Showdown Survivor,trio showdown,all,0.8.15,-1
2026-09-11T19:48:54.743417,belle,victory,480,,1,f5da7256b07f5b01f7497e9506944334a116189821bd5a0fb8b6f7420e8eae33,Showdown Survivor,trio showdown,all,0.8.15,-1
2026-09-11T19:52:52.391748,belle,victory,480,,2,f5da7256b07f5b01f7497e9506944334a116189821bd5a0fb8b6f7420e8eae33,Showdown Survivor,trio showdown,all,0.8.15,-1
2026-09-11T19:54:26.836318,belle,victory,480,,3,f5da7256b07f5b01f7497e9506944334a116189821bd5a0fb8b6f7420e8eae33,Showdown Survivor,trio showdown,all,0.8.15,-1
2026-09-11T19:58:44.769944,belle,victory,480,,4,f5da7256b07f5b01f7497e9506944334a116189821bd5a0fb8b6f7420e8eae33,Showdown Survivor,trio showdown,all,0.8.15,-1
2026-09-11T20:00:24.377058,belle,draw,480,,4,f5da7256b07f5b01f7497e9506944334a116189821bd5a0fb8b6f7420e8eae33,Showdown Survivor,trio showdown,all,0.8.15,-1
2026-09-11T20:02:16.414586,belle,victory,480,,5,f5da7256b07f5b01f7497e9506944334a116189821bd5a0fb8b6f7420e8eae33,Showdown Survivor,trio showdown,all,0.8.15,-1
2026-09-11T20:03:32.550079,belle,defeat,480,,0,f5da7256b07f5b01f7497e9506944334a116189821bd5a0fb8b6f7420e8eae33,Showdown Survivor,trio showdown,all,0.8.15,-1
2026-09-11T20:05:07.982372,belle,victory,480,,1,f5da7256b07f5b01f7497e9506944334a116189821bd5a0fb8b6f7420e8eae33,Showdown Survivor,trio showdown,all,0.8.15,-1
2026-09-11T20:06:31.951220,belle,draw,480,,1,f5da7256b07f5b01f7497e9506944334a116189821bd5a0fb8b6f7420e8eae33,Showdown Survivor,trio showdown,all,0.8.15,-1
2026-09-11T20:08:25.127635,belle,victory,480,,2,f5da7256b07f5b01f7497e9506944334a116189821bd5a0fb8b6f7420e8eae33,Showdown Survivor,trio showdown,all,0.8.15,-1
2026-09-11T20:09:46.100244,belle,defeat,480,,0,f5da7256b07f5b01f7497e9506944334a116189821bd5a0fb8b6f7420e8eae33,Showdown Survivor,trio showdown,all,0.8.15,-1
2026-09-11T20:11:45.544294,belle,victory,480,,1,f5da7256b07f5b01f7497e9506944334a116189821bd5a0fb8b6f7420e8eae33,Showdown Survivor,trio showdown,all,0.8.15,-1
2026-09-11T20:14:14.007722,belle,defeat,480,,0,f5da7256b07f5b01f7497e9506944334a116189821bd5a0fb8b6f7420e8eae33,Showdown Survivor,trio showdown,all,0.8.15,-1
2026-09-11T20:15:22.784659,belle,defeat,480,,0,f5da7256b07f5b01f7497e9506944334a116189821bd5a0fb8b6f7420e8eae33,Showdown Survivor,trio showdown,all,0.8.15,-1
2026-09-11T20:16:55.009504,belle,victory,480,,1,f5da7256b07f5b01f7497e9506944334a116189821bd5a0fb8b6f7420e8eae33,Showdown Survivor,trio showdown,all,0.8.15,-1
2026-09-11T20:18:16.703915,belle,defeat,480,,0,f5da7256b07f5b01f7497e9506944334a116189821bd5a0fb8b6f7420e8eae33,Showdown Survivor,trio showdown,all,0.8.15,-1
2026-09-11T20:20:44.706483,belle,draw,480,,0,f5da7256b07f5b01f7497e9506944334a116189821bd5a0fb8b6f7420e8eae33,Showdown Survivor,trio showdown,all,0.8.15,-1
2026-09-11T20:22:46.367902,belle,victory,480,,1,f5da7256b07f5b01f7497e9506944334a116189821bd5a0fb8b6f7420e8eae33,Showdown Survivor,trio showdown,all,0.8.15,-1
2026-09-11T20:24:01.988041,belle,defeat,480,,0,f5da7256b07f5b01f7497e9506944334a116189821bd5a0fb8b6f7420e8eae33,Showdown Survivor,trio showdown,all,0.8.15,-1
2026-09-11T20:26:32.036469,belle,victory,480,,1,f5da7256b07f5b01f7497e9506944334a116189821bd5a0fb8b6f7420e8eae33,Showdown Survivor,trio showdown,all,0.8.15,-1
2026-09-11T20:29:09.143002,belle,victory,480,,2,f5da7256b07f5b01f7497e9506944334a116189821bd5a0fb8b6f7420e8eae33,Showdown Survivor,trio showdown,all,0.8.15,-1
2026-09-11T20:32:10.508508,belle,victory,480,,3,f5da7256b07f5b01f7497e9506944334a116189821bd5a0fb8b6f7420e8eae33,Showdown Survivor,trio showdown,all,0.8.15,-1
2026-09-11T20:34:04.042374,belle,victory,480,,4,f5da7256b07f5b01f7497e9506944334a116189821bd5a0fb8b6f7420e8eae33,Showdown Survivor,trio showdown,all,0.8.15,-1
2026-09-11T20:35:10.780010,belle,defeat,480,,0,f5da7256b07f5b01f7497e9506944334a116189821bd5a0fb8b6f7420e8eae33,Showdown Survivor,trio showdown,all,0.8.15,-1
2026-09-11T20:37:27.216689,belle,victory,480,,1,f5da7256b07f5b01f7497e9506944334a116189821bd5a0fb8b6f7420e8eae33,Showdown Survivor,trio showdown,all,0.8.15,-1
2026-09-11T20:39:24.884106,belle,victory,480,,2,f5da7256b07f5b01f7497e9506944334a116189821bd5a0fb8b6f7420e8eae33,Showdown Survivor,trio showdown,all,0.8.15,-1
2026-09-11T20:41:08.695919,belle,draw,480,,2,f5da7256b07f5b01f7497e9506944334a116189821bd5a0fb8b6f7420e8eae33,Showdown Survivor,trio showdown,all,0.8.15,-1
2026-09-11T20:42:39.433662,belle,victory,480,,3,f5da7256b07f5b01f7497e9506944334a116189821bd5a0fb8b6f7420e8eae33,Showdown Survivor,trio showdown,all,0.8.15,-1
2026-09-11T20:44:57.338664,belle,defeat,480,,0,f5da7256b07f5b01f7497e9506944334a116189821bd5a0fb8b6f7420e8eae33,Showdown Survivor,trio showdown,all,0.8.15,-1
2026-09-11T20:46:36.410843,belle,victory,480,,1,f5da7256b07f5b01f7497e9506944334a116189821bd5a0fb8b6f7420e8eae33,Showdown Survivor,trio showdown,all,0.8.15,-1
2026-09-11T20:50:59.964090,chester,victory,67,,1,f5da7256b07f5b01f7497e9506944334a116189821bd5a0fb8b6f7420e8eae33,Showdown Survivor,trio showdown,all,0.8.15,-1
2026-09-11T21:02:14.063210,chester,victory,67,,2,f5da7256b07f5b01f7497e9506944334a116189821bd5a0fb8b6f7420e8eae33,Showdown Survivor,trio showdown,all,0.8.15,-1
2026-09-11T21:04:45.660750,chester,victory,67,,3,f5da7256b07f5b01f7497e9506944334a116189821bd5a0fb8b6f7420e8eae33,Showdown Survivor,trio showdown,all,0.8.15,-1
2026-09-11T21:06:12.130539,chester,victory,67,,4,f5da7256b07f5b01f7497e9506944334a116189821bd5a0fb8b6f7420e8eae33,Showdown Survivor,trio showdown,all,0.8.15,-1
2026-09-11T21:07:38.419704,chester,victory,67,,5,f5da7256b07f5b01f7497e9506944334a116189821bd5a0fb8b6f7420e8eae33,Showdown Survivor,trio showdown,all,0.8.15,-1
2026-09-11T21:13:00.493599,chester,victory,111,,6,f5da7256b07f5b01f7497e9506944334a116189821bd5a0fb8b6f7420e8eae33,Showdown Survivor,trio showdown,all,0.8.15,-1
2026-09-11T21:14:52.779692,chester,victory,111,,7,f5da7256b07f5b01f7497e9506944334a116189821bd5a0fb8b6f7420e8eae33,Showdown Survivor,trio showdown,all,0.8.15,-1
2026-09-11T21:30:26.248989,chester,victory,111,,8,f5da7256b07f5b01f7497e9506944334a116189821bd5a0fb8b6f7420e8eae33,Showdown Survivor,trio showdown,all,0.8.15,-1
2026-09-12T09:20:12.541880,chester,defeat,111,,0,f5da7256b07f5b01f7497e9506944334a116189821bd5a0fb8b6f7420e8eae33,Showdown Survivor,trio showdown,all,0.8.15,-1
2026-09-12T09:22:35.654142,chester,victory,111,,1,f5da7256b07f5b01f7497e9506944334a116189821bd5a0fb8b6f7420e8eae33,Showdown Survivor,trio showdown,all,0.8.15,-1
2026-09-12T09:23:51.152364,chester,victory,111,,2,f5da7256b07f5b01f7497e9506944334a116189821bd5a0fb8b6f7420e8eae33,Showdown Survivor,trio showdown,all,0.8.15,-1
2026-09-12T09:26:47.316299,chester,victory,111,,3,f5da7256b07f5b01f7497e9506944334a116189821bd5a0fb8b6f7420e8eae33,Showdown Survivor,trio showdown,all,0.8.15,-1
2026-09-12T09:29:02.741886,chester,draw,111,,3,f5da7256b07f5b01f7497e9506944334a116189821bd5a0fb8b6f7420e8eae33,Showdown Survivor,trio showdown,all,0.8.15,-1
2026-09-12T09:31:55.885781,chester,victory,111,,4,f5da7256b07f5b01f7497e9506944334a116189821bd5a0fb8b6f7420e8eae33,Showdown Survivor,trio showdown,all,0.8.15,-1
2026-09-12T09:34:08.808866,chester,victory,111,,5,f5da7256b07f5b01f7497e9506944334a116189821bd5a0fb8b6f7420e8eae33,Showdown Survivor,trio showdown,all,0.8.15,-1
2026-09-12T09:36:40.220843,chester,victory,111,,6,f5da7256b07f5b01f7497e9506944334a116189821bd5a0fb8b6f7420e8eae33,Showdown Survivor,trio showdown,all,0.8.15,-1
2026-09-12T09:39:15.210150,chester,victory,111,,7,f5da7256b07f5b01f7497e9506944334a116189821bd5a0fb8b6f7420e8eae33,Showdown Survivor,trio showdown,all,0.8.15,-1
2026-09-12T09:40:01.645756,chester,defeat,111,,0,f5da7256b07f5b01f7497e9506944334a116189821bd5a0fb8b6f7420e8eae33,Showdown Survivor,trio showdown,all,0.8.15,-1
2026-09-12T09:42:50.026714,chester,victory,111,,1,f5da7256b07f5b01f7497e9506944334a116189821bd5a0fb8b6f7420e8eae33,Showdown Survivor,trio showdown,all,0.8.15,-1
2026-09-12T09:44:59.159580,chester,victory,111,,2,f5da7256b07f5b01f7497e9506944334a116189821bd5a0fb8b6f7420e8eae33,Showdown Survivor,trio showdown,all,0.8.15,-1
2026-09-12T09:47:38.424971,chester,victory,111,,3,f5da7256b07f5b01f7497e9506944334a116189821bd5a0fb8b6f7420e8eae33,Showdown Survivor,trio showdown,all,0.8.15,-1
2026-09-12T09:48:37.576709,chester,draw,111,,3,f5da7256b07f5b01f7497e9506944334a116189821bd5a0fb8b6f7420e8eae33,Showdown Survivor,trio showdown,all,0.8.15,-1
2026-09-12T09:51:08.265927,chester,victory,111,,4,f5da7256b07f5b01f7497e9506944334a116189821bd5a0fb8b6f7420e8eae33,Showdown Survivor,trio showdown,all,0.8.15,-1
2026-09-12T09:52:36.645427,chester,defeat,111,,0,f5da7256b07f5b01f7497e9506944334a116189821bd5a0fb8b6f7420e8eae33,Showdown Survivor,trio showdown,all,0.8.15,-1
2026-09-12T09:54:58.373663,chester,victory,5,,1,f5da7256b07f5b01f7497e9506944334a116189821bd5a0fb8b6f7420e8eae33,Showdown Survivor,trio showdown,all,0.8.15,-1
2026-09-12T09:57:11.013304,chester,victory,11,,2,f5da7256b07f5b01f7497e9506944334a116189821bd5a0fb8b6f7420e8eae33,Showdown Survivor,trio showdown,all,0.8.15,-1
2026-09-12T09:58:20.450658,chester,victory,11,,3,f5da7256b07f5b01f7497e9506944334a116189821bd5a0fb8b6f7420e8eae33,Showdown Survivor,trio showdown,all,0.8.15,-1
2026-09-12T10:00:00.298901,chester,victory,11,,4,f5da7256b07f5b01f7497e9506944334a116189821bd5a0fb8b6f7420e8eae33,Showdown Survivor,trio showdown,all,0.8.15,-1
2026-09-12T10:01:10.759726,chester,defeat,11,,0,f5da7256b07f5b01f7497e9506944334a116189821bd5a0fb8b6f7420e8eae33,Showdown Survivor,trio showdown,all,0.8.15,-1
2026-09-12T10:03:17.838818,chester,victory,11,,1,f5da7256b07f5b01f7497e9506944334a116189821bd5a0fb8b6f7420e8eae33,Showdown Survivor,trio showdown,all,0.8.15,-1
2026-09-12T10:04:01.040402,chester,defeat,11,,0,f5da7256b07f5b01f7497e9506944334a116189821bd5a0fb8b6f7420e8eae33,Showdown Survivor,trio showdown,all,0.8.15,-1
2026-09-12T10:06:08.950285,chester,victory,11,,1,f5da7256b07f5b01f7497e9506944334a116189821bd5a0fb8b6f7420e8eae33,Showdown Survivor,trio showdown,all,0.8.15,-1
2026-09-12T10:06:55.723171,chester,defeat,11,,0,f5da7256b07f5b01f7497e9506944334a116189821bd5a0fb8b6f7420e8eae33,Showdown Survivor,trio showdown,all,0.8.15,-1
2026-09-12T10:08:04.607562,chester,victory,11,,1,f5da7256b07f5b01f7497e9506944334a116189821bd5a0fb8b6f7420e8eae33,Showdown Survivor,trio showdown,all,0.8.15,-1
2026-09-12T10:09:25.455189,chester,victory,11,,2,f5da7256b07f5b01f7497e9506944334a116189821bd5a0fb8b6f7420e8eae33,Showdown Survivor,trio showdown,all,0.8.15,-1
2026-09-12T10:10:52.033971,chester,defeat,11,,0,f5da7256b07f5b01f7497e9506944334a116189821bd5a0fb8b6f7420e8eae33,Showdown Survivor,trio showdown,all,0.8.15,-1
2026-09-12T10:12:18.451531,chester,victory,11,,1,f5da7256b07f5b01f7497e9506944334a116189821bd5a0fb8b6f7420e8eae33,Showdown Survivor,trio showdown,all,0.8.15,-1
2026-09-12T10:17:20.795367,chester,defeat,11,,0,f5da7256b07f5b01f7497e9506944334a116189821bd5a0fb8b6f7420e8eae33,Showdown Survivor,trio showdown,all,0.8.15,-1
2026-09-12T10:19:02.468205,chester,victory,11,,1,f5da7256b07f5b01f7497e9506944334a116189821bd5a0fb8b6f7420e8eae33,Showdown Survivor,trio showdown,all,0.8.15,-1
2026-09-12T10:21:04.577270,chester,defeat,11,,0,f5da7256b07f5b01f7497e9506944334a116189821bd5a0fb8b6f7420e8eae33,Showdown Survivor,trio showdown,all,0.8.15,-1
2026-09-12T10:24:15.624141,chester,victory,11,,1,f5da7256b07f5b01f7497e9506944334a116189821bd5a0fb8b6f7420e8eae33,Showdown Survivor,trio showdown,all,0.8.15,-1
2026-09-12T10:25:05.881441,chester,defeat,11,,0,f5da7256b07f5b01f7497e9506944334a116189821bd5a0fb8b6f7420e8eae33,Showdown Survivor,trio showdown,all,0.8.15,-1
2026-09-12T10:26:52.841902,chester,draw,11,,0,f5da7256b07f5b01f7497e9506944334a116189821bd5a0fb8b6f7420e8eae33,Showdown Survivor,trio showdown,all,0.8.15,-1
2026-09-12T10:28:32.678548,chester,draw,11,,0,f5da7256b07f5b01f7497e9506944334a116189821bd5a0fb8b6f7420e8eae33,Showdown Survivor,trio showdown,all,0.8.15,-1
2026-09-12T10:30:07.162036,chester,victory,11,,1,f5da7256b07f5b01f7497e9506944334a116189821bd5a0fb8b6f7420e8eae33,Showdown Survivor,trio showdown,all,0.8.15,-1
2026-09-12T10:31:41.680823,chester,victory,11,,2,f5da7256b07f5b01f7497e9506944334a116189821bd5a0fb8b6f7420e8eae33,Showdown Survivor,trio showdown,all,0.8.15,-1
2026-09-12T10:34:06.526762,chester,victory,11,,3,f5da7256b07f5b01f7497e9506944334a116189821bd5a0fb8b6f7420e8eae33,Showdown Survivor,trio showdown,all,0.8.15,-1
2026-09-12T10:34:59.767606,chester,defeat,11,,0,f5da7256b07f5b01f7497e9506944334a116189821bd5a0fb8b6f7420e8eae33,Showdown Survivor,trio showdown,all,0.8.15,-1
2026-09-12T10:36:46.850766,chester,victory,11,,1,f5da7256b07f5b01f7497e9506944334a116189821bd5a0fb8b6f7420e8eae33,Showdown Survivor,trio showdown,all,0.8.15,-1
2026-09-12T10:37:58.079547,chester,defeat,11,,0,f5da7256b07f5b01f7497e9506944334a116189821bd5a0fb8b6f7420e8eae33,Showdown Survivor,trio showdown,all,0.8.15,-1
2026-09-12T10:39:48.160057,chester,defeat,11,,0,f5da7256b07f5b01f7497e9506944334a116189821bd5a0fb8b6f7420e8eae33,Showdown Survivor,trio showdown,all,0.8.15,-1
2026-09-12T10:41:44.503636,chester,victory,11,,1,f5da7256b07f5b01f7497e9506944334a116189821bd5a0fb8b6f7420e8eae33,Showdown Survivor,trio showdown,all,0.8.15,-1
2026-09-12T10:42:34.391888,chester,defeat,11,,0,f5da7256b07f5b01f7497e9506944334a116189821bd5a0fb8b6f7420e8eae33,Showdown Survivor,trio showdown,all,0.8.15,-1
2026-09-12T10:44:12.242922,chester,victory,5,,1,f5da7256b07f5b01f7497e9506944334a116189821bd5a0fb8b6f7420e8eae33,Showdown Survivor,trio showdown,all,0.8.15,-1
2026-09-12T10:45:12.249319,chester,defeat,5,,0,f5da7256b07f5b01f7497e9506944334a116189821bd5a0fb8b6f7420e8eae33,Showdown Survivor,trio showdown,all,0.8.15,-1
2026-09-12T10:46:31.779652,chester,defeat,5,,0,f5da7256b07f5b01f7497e9506944334a116189821bd5a0fb8b6f7420e8eae33,Showdown Survivor,trio showdown,all,0.8.15,-1
2026-09-12T10:47:55.783222,chester,draw,5,,0,f5da7256b07f5b01f7497e9506944334a116189821bd5a0fb8b6f7420e8eae33,Showdown Survivor,trio showdown,all,0.8.15,-1
2026-09-12T10:49:43.302486,chester,victory,5,,1,f5da7256b07f5b01f7497e9506944334a116189821bd5a0fb8b6f7420e8eae33,Showdown Survivor,trio showdown,all,0.8.15,-1
2026-09-12T10:51:23.862458,chester,victory,11,,2,f5da7256b07f5b01f7497e9506944334a116189821bd5a0fb8b6f7420e8eae33,Showdown Survivor,trio showdown,all,0.8.15,-1
2026-09-12T10:52:23.335965,chester,defeat,11,,0,f5da7256b07f5b01f7497e9506944334a116189821bd5a0fb8b6f7420e8eae33,Showdown Survivor,trio showdown,all,0.8.15,-1
2026-09-12T10:54:03.473765,chester,victory,11,,1,f5da7256b07f5b01f7497e9506944334a116189821bd5a0fb8b6f7420e8eae33,Showdown Survivor,trio showdown,all,0.8.15,-1
2026-09-12T10:55:58.369241,chester,draw,11,,1,f5da7256b07f5b01f7497e9506944334a116189821bd5a0fb8b6f7420e8eae33,Showdown Survivor,trio showdown,all,0.8.15,-1
2026-09-12T10:57:59.419968,chester,victory,43,,2,f5da7256b07f5b01f7497e9506944334a116189821bd5a0fb8b6f7420e8eae33,Showdown Survivor,trio showdown,all,0.8.15,-1
2026-09-12T11:00:13.041660,chester,victory,43,,3,f5da7256b07f5b01f7497e9506944334a116189821bd5a0fb8b6f7420e8eae33,Showdown Survivor,trio showdown,all,0.8.15,-1
2026-09-12T11:02:44.920501,chester,victory,43,,4,f5da7256b07f5b01f7497e9506944334a116189821bd5a0fb8b6f7420e8eae33,Showdown Survivor,trio showdown,all,0.8.15,-1
2026-09-12T11:04:26.128198,chester,defeat,43,,0,f5da7256b07f5b01f7497e9506944334a116189821bd5a0fb8b6f7420e8eae33,Showdown Survivor,trio showdown,all,0.8.15,-1
2026-09-12T11:15:35.838596,chester,defeat,43,,0,f5da7256b07f5b01f7497e9506944334a116189821bd5a0fb8b6f7420e8eae33,Showdown Survivor,trio showdown,all,0.8.15,-1
2026-09-12T11:17:12.966338,chester,victory,43,,1,f5da7256b07f5b01f7497e9506944334a116189821bd5a0fb8b6f7420e8eae33,Showdown Survivor,trio showdown,all,0.8.15,-1
2026-09-12T11:18:41.385463,chester,victory,43,,2,f5da7256b07f5b01f7497e9506944334a116189821bd5a0fb8b6f7420e8eae33,Showdown Survivor,trio showdown,all,0.8.15,-1
2026-09-12T11:20:24.396142,chester,victory,43,,3,f5da7256b07f5b01f7497e9506944334a116189821bd5a0fb8b6f7420e8eae33,Showdown Survivor,trio showdown,all,0.8.15,-1
2026-09-12T11:21:45.732142,chester,draw,43,,3,f5da7256b07f5b01f7497e9506944334a116189821bd5a0fb8b6f7420e8eae33,Showdown Survivor,trio showdown,all,0.8.15,-1
2026-09-12T11:25:40.181687,chester,victory,43,,4,f5da7256b07f5b01f7497e9506944334a116189821bd5a0fb8b6f7420e8eae33,Showdown Survivor,trio showdown,all,0.8.15,-1
2026-09-12T11:31:01.012533,chester,victory,667,,5,f5da7256b07f5b01f7497e9506944334a116189821bd5a0fb8b6f7420e8eae33,Showdown Survivor,trio showdown,all,0.8.15,-1
2026-09-12T11:33:38.514821,chester,victory,667,,6,f5da7256b07f5b01f7497e9506944334a116189821bd5a0fb8b6f7420e8eae33,Showdown Survivor,trio showdown,all,0.8.15,-1
2026-09-12T11:34:34.582589,chester,defeat,667,,0,f5da7256b07f5b01f7497e9506944334a116189821bd5a0fb8b6f7420e8eae33,Showdown Survivor,trio showdown,all,0.8.15,-1
2026-09-12T11:35:43.606434,chester,defeat,667,,0,f5da7256b07f5b01f7497e9506944334a116189821bd5a0fb8b6f7420e8eae33,Showdown Survivor,trio showdown,all,0.8.15,-1
2026-09-12T11:38:11.261420,chester,victory,686,,1,f5da7256b07f5b01f7497e9506944334a116189821bd5a0fb8b6f7420e8eae33,Showdown Survivor,trio showdown,all,0.8.15,-1
2026-09-12T11:39:53.776933,chester,defeat,686,,0,f5da7256b07f5b01f7497e9506944334a116189821bd5a0fb8b6f7420e8eae33,Showdown Survivor,trio showdown,all,0.8.15,-1
2026-09-12T11:41:52.986401,chester,victory,694,,1,f5da7256b07f5b01f7497e9506944334a116189821bd5a0fb8b6f7420e8eae33,Showdown Survivor,trio showdown,all,0.8.15,-1
2026-09-12T11:43:22.715923,chester,draw,694,,1,f5da7256b07f5b01f7497e9506944334a116189821bd5a0fb8b6f7420e8eae33,Showdown Survivor,trio showdown,all,0.8.15,-1
2026-09-12T11:44:45.077434,chester,draw,694,,1,f5da7256b07f5b01f7497e9506944334a116189821bd5a0fb8b6f7420e8eae33,Showdown Survivor,trio showdown,all,0.8.15,-1
2026-09-12T11:45:42.254300,chester,defeat,694,,0,f5da7256b07f5b01f7497e9506944334a116189821bd5a0fb8b6f7420e8eae33,Showdown Survivor,trio showdown,all,0.8.15,-1
2026-09-12T11:46:59.651756,chester,victory,135,,1,f5da7256b07f5b01f7497e9506944334a116189821bd5a0fb8b6f7420e8eae33,Showdown Survivor,trio showdown,all,0.8.15,-1
2026-09-12T11:57:59.905232,chester,draw,135,,1,f5da7256b07f5b01f7497e9506944334a116189821bd5a0fb8b6f7420e8eae33,Showdown Survivor,trio showdown,all,0.8.15,-1
2026-09-12T12:00:03.452966,chester,victory,135,,2,f5da7256b07f5b01f7497e9506944334a116189821bd5a0fb8b6f7420e8eae33,Showdown Survivor,trio showdown,all,0.8.15,-1
2026-09-12T12:00:55.687578,chester,defeat,135,,0,f5da7256b07f5b01f7497e9506944334a116189821bd5a0fb8b6f7420e8eae33,Showdown Survivor,trio showdown,all,0.8.15,-1
2026-09-12T12:02:41.837695,chester,victory,135,,1,f5da7256b07f5b01f7497e9506944334a116189821bd5a0fb8b6f7420e8eae33,Showdown Survivor,trio showdown,all,0.8.15,-1
2026-09-12T12:04:11.717574,chester,victory,135,,2,f5da7256b07f5b01f7497e9506944334a116189821bd5a0fb8b6f7420e8eae33,Showdown Survivor,trio showdown,all,0.8.15,-1
2026-09-12T12:09:04.036992,chester,victory,135,,3,f5da7256b07f5b01f7497e9506944334a116189821bd5a0fb8b6f7420e8eae33,Showdown Survivor,trio showdown,all,0.8.15,-1
2026-09-12T12:09:55.608494,chester,defeat,135,,0,f5da7256b07f5b01f7497e9506944334a116189821bd5a0fb8b6f7420e8eae33,Showdown Survivor,trio showdown,all,0.8.15,-1
2026-09-12T12:12:02.367090,chester,victory,135,,1,f5da7256b07f5b01f7497e9506944334a116189821bd5a0fb8b6f7420e8eae33,Showdown Survivor,trio showdown,all,0.8.15,-1
2026-09-12T12:13:41.398928,chester,victory,135,,2,f5da7256b07f5b01f7497e9506944334a116189821bd5a0fb8b6f7420e8eae33,Showdown Survivor,trio showdown,all,0.8.15,-1
2026-09-12T12:14:26.541452,chester,draw,135,,2,f5da7256b07f5b01f7497e9506944334a116189821bd5a0fb8b6f7420e8eae33,Showdown Survivor,trio showdown,all,0.8.15,-1
2026-09-12T12:15:45.613592,chester,victory,135,,3,f5da7256b07f5b01f7497e9506944334a116189821bd5a0fb8b6f7420e8eae33,Showdown Survivor,trio showdown,all,0.8.15,-1
2026-09-12T12:18:18.876212,chester,victory,135,,4,f5da7256b07f5b01f7497e9506944334a116189821bd5a0fb8b6f7420e8eae33,Showdown Survivor,trio showdown,all,0.8.15,-1
2026-09-12T12:19:41.400912,chester,defeat,135,,0,f5da7256b07f5b01f7497e9506944334a116189821bd5a0fb8b6f7420e8eae33,Showdown Survivor,trio showdown,all,0.8.15,-1
2026-09-12T12:22:05.371545,chester,victory,135,,1,f5da7256b07f5b01f7497e9506944334a116189821bd5a0fb8b6f7420e8eae33,Showdown Survivor,trio showdown,all,0.8.15,-1
2026-09-12T12:23:50.513661,chester,draw,135,,1,f5da7256b07f5b01f7497e9506944334a116189821bd5a0fb8b6f7420e8eae33,Showdown Survivor,trio showdown,all,0.8.15,-1
2026-09-12T12:25:48.199691,chester,victory,135,,2,f5da7256b07f5b01f7497e9506944334a116189821bd5a0fb8b6f7420e8eae33,Showdown Survivor,trio showdown,all,0.8.15,-1
2026-09-12T12:27:50.882922,chester,victory,135,,3,f5da7256b07f5b01f7497e9506944334a116189821bd5a0fb8b6f7420e8eae33,Showdown Survivor,trio showdown,all,0.8.15,-1
2026-09-12T12:30:06.394102,chester,draw,135,,3,f5da7256b07f5b01f7497e9506944334a116189821bd5a0fb8b6f7420e8eae33,Showdown Survivor,trio showdown,all,0.8.15,-1
2026-09-12T12:31:40.747329,chester,draw,135,,3,f5da7256b07f5b01f7497e9506944334a116189821bd5a0fb8b6f7420e8eae33,Showdown Survivor,trio showdown,all,0.8.15,-1
2026-09-12T12:33:05.535088,chester,victory,135,,4,f5da7256b07f5b01f7497e9506944334a116189821bd5a0fb8b6f7420e8eae33,Showdown Survivor,trio showdown,all,0.8.15,-1
2026-09-12T12:33:52.087988,chester,draw,135,,4,f5da7256b07f5b01f7497e9506944334a116189821bd5a0fb8b6f7420e8eae33,Showdown Survivor,trio showdown,all,0.8.15,-1
2026-09-12T12:35:34.849166,chester,victory,135,,5,f5da7256b07f5b01f7497e9506944334a116189821bd5a0fb8b6f7420e8eae33,Showdown Survivor,trio showdown,all,0.8.15,-1
2026-09-12T12:37:07.523047,chester,victory,135,,6,f5da7256b07f5b01f7497e9506944334a116189821bd5a0fb8b6f7420e8eae33,Showdown Survivor,trio showdown,all,0.8.15,-1
2026-09-12T12:38:39.949560,chester,draw,135,,6,f5da7256b07f5b01f7497e9506944334a116189821bd5a0fb8b6f7420e8eae33,Showdown Survivor,trio showdown,all,0.8.15,-1
2026-09-12T12:39:40.832056,chester,defeat,135,,0,f5da7256b07f5b01f7497e9506944334a116189821bd5a0fb8b6f7420e8eae33,Showdown Survivor,trio showdown,all,0.8.15,-1
2026-09-12T12:41:20.025858,chester,draw,135,,0,f5da7256b07f5b01f7497e9506944334a116189821bd5a0fb8b6f7420e8eae33,Showdown Survivor,trio showdown,all,0.8.15,-1
2026-09-12T12:42:12.234075,chester,defeat,135,,0,f5da7256b07f5b01f7497e9506944334a116189821bd5a0fb8b6f7420e8eae33,Showdown Survivor,trio showdown,all,0.8.15,-1
2026-09-12T12:44:04.312765,chester,victory,135,,1,f5da7256b07f5b01f7497e9506944334a116189821bd5a0fb8b6f7420e8eae33,Showdown Survivor,trio showdown,all,0.8.15,-1
2026-09-12T12:46:24.281822,chester,victory,135,,2,f5da7256b07f5b01f7497e9506944334a116189821bd5a0fb8b6f7420e8eae33,Showdown Survivor,trio showdown,all,0.8.15,-1
2026-09-12T12:48:23.723871,chester,victory,135,,3,f5da7256b07f5b01f7497e9506944334a116189821bd5a0fb8b6f7420e8eae33,Showdown Survivor,trio showdown,all,0.8.15,-1
2026-09-12T12:50:24.742012,chester,draw,135,,3,f5da7256b07f5b01f7497e9506944334a116189821bd5a0fb8b6f7420e8eae33,Showdown Survivor,trio showdown,all,0.8.15,-1
2026-09-12T12:51:56.242676,chester,draw,135,,3,f5da7256b07f5b01f7497e9506944334a116189821bd5a0fb8b6f7420e8eae33,Showdown Survivor,trio showdown,all,0.8.15,-1
2026-09-12T12:53:14.386416,chester,victory,135,,4,f5da7256b07f5b01f7497e9506944334a116189821bd5a0fb8b6f7420e8eae33,Showdown Survivor,trio showdown,all,0.8.15,-1
2026-09-12T12:54:16.124031,chester,defeat,135,,0,f5da7256b07f5b01f7497e9506944334a116189821bd5a0fb8b6f7420e8eae33,Showdown Survivor,trio showdown,all,0.8.15,-1
2026-09-12T12:55:42.992840,chester,victory,135,,1,f5da7256b07f5b01f7497e9506944334a116189821bd5a0fb8b6f7420e8eae33,Showdown Survivor,trio showdown,all,0.8.15,-1
2026-09-12T12:57:00.243474,chester,draw,135,,1,f5da7256b07f5b01f7497e9506944334a116189821bd5a0fb8b6f7420e8eae33,Showdown Survivor,trio showdown,all,0.8.15,-1
2026-09-12T12:59:06.327452,chester,victory,135,,2,f5da7256b07f5b01f7497e9506944334a116189821bd5a0fb8b6f7420e8eae33,Showdown Survivor,trio showdown,all,0.8.15,-1
2026-09-12T13:01:10.487407,chester,victory,135,,3,f5da7256b07f5b01f7497e9506944334a116189821bd5a0fb8b6f7420e8eae33,Showdown Survivor,trio showdown,all,0.8.15,-1
2026-09-12T13:01:56.866462,chester,defeat,135,,0,f5da7256b07f5b01f7497e9506944334a116189821bd5a0fb8b6f7420e8eae33,Showdown Survivor,trio showdown,all,0.8.15,-1
2026-09-12T13:03:00.266952,chester,defeat,135,,0,f5da7256b07f5b01f7497e9506944334a116189821bd5a0fb8b6f7420e8eae33,Showdown Survivor,trio showdown,all,0.8.15,-1
2026-09-12T13:05:23.067317,chester,victory,135,,1,f5da7256b07f5b01f7497e9506944334a116189821bd5a0fb8b6f7420e8eae33,Showdown Survivor,trio showdown,all,0.8.15,-1
2026-09-12T13:06:03.988248,chester,defeat,135,,0,f5da7256b07f5b01f7497e9506944334a116189821bd5a0fb8b6f7420e8eae33,Showdown Survivor,trio showdown,all,0.8.15,-1
2026-09-12T13:07:15.209241,chester,draw,135,,0,f5da7256b07f5b01f7497e9506944334a116189821bd5a0fb8b6f7420e8eae33,Showdown Survivor,trio showdown,all,0.8.15,-1
2026-09-12T13:08:37.506057,chester,draw,135,,0,f5da7256b07f5b01f7497e9506944334a116189821bd5a0fb8b6f7420e8eae33,Showdown Survivor,trio showdown,all,0.8.15,-1
2026-09-12T13:10:54.371149,chester,victory,135,,1,f5da7256b07f5b01f7497e9506944334a116189821bd5a0fb8b6f7420e8eae33,Showdown Survivor,trio showdown,all,0.8.15,-1
2026-09-12T13:13:00.694039,chester,draw,135,,1,f5da7256b07f5b01f7497e9506944334a116189821bd5a0fb8b6f7420e8eae33,Showdown Survivor,trio showdown,all,0.8.15,-1
2026-09-12T13:14:30.987444,chester,victory,135,,2,f5da7256b07f5b01f7497e9506944334a116189821bd5a0fb8b6f7420e8eae33,Showdown Survivor,trio showdown,all,0.8.15,-1
2026-09-12T13:16:20.989501,chester,victory,135,,3,f5da7256b07f5b01f7497e9506944334a116189821bd5a0fb8b6f7420e8eae33,Showdown Survivor,trio showdown,all,0.8.15,-1
2026-09-12T13:18:31.071976,chester,victory,135,,4,f5da7256b07f5b01f7497e9506944334a116189821bd5a0fb8b6f7420e8eae33,Showdown Survivor,trio showdown,all,0.8.15,-1
2026-09-12T13:19:22.591726,chester,defeat,135,,0,f5da7256b07f5b01f7497e9506944334a116189821bd5a0fb8b6f7420e8eae33,Showdown Survivor,trio showdown,all,0.8.15,-1
2026-09-12T13:21:52.895555,chester,victory,135,,1,f5da7256b07f5b01f7497e9506944334a116189821bd5a0fb8b6f7420e8eae33,Showdown Survivor,trio showdown,all,0.8.15,-1
2026-09-12T13:23:08.865362,chester,defeat,135,,0,f5da7256b07f5b01f7497e9506944334a116189821bd5a0fb8b6f7420e8eae33,Showdown Survivor,trio showdown,all,0.8.15,-1
2026-09-12T13:24:40.453922,chester,draw,135,,0,f5da7256b07f5b01f7497e9506944334a116189821bd5a0fb8b6f7420e8eae33,Showdown Survivor,trio showdown,all,0.8.15,-1
2026-09-12T13:26:40.217719,chester,victory,135,,1,f5da7256b07f5b01f7497e9506944334a116189821bd5a0fb8b6f7420e8eae33,Showdown Survivor,trio showdown,all,0.8.15,-1
2026-09-12T13:29:05.085257,chester,victory,135,,2,f5da7256b07f5b01f7497e9506944334a116189821bd5a0fb8b6f7420e8eae33,Showdown Survivor,trio showdown,all,0.8.15,-1
2026-09-12T13:31:28.194511,chester,victory,135,,3,f5da7256b07f5b01f7497e9506944334a116189821bd5a0fb8b6f7420e8eae33,Showdown Survivor,trio showdown,all,0.8.15,-1
2026-09-12T13:32:55.509331,chester,defeat,135,,0,f5da7256b07f5b01f7497e9506944334a116189821bd5a0fb8b6f7420e8eae33,Showdown Survivor,trio showdown,all,0.8.15,-1
2026-09-12T13:34:46.769923,chester,victory,135,,1,f5da7256b07f5b01f7497e9506944334a116189821bd5a0fb8b6f7420e8eae33,Showdown Survivor,trio showdown,all,0.8.15,-1
2026-09-12T13:37:09.145390,chester,defeat,135,,0,f5da7256b07f5b01f7497e9506944334a116189821bd5a0fb8b6f7420e8eae33,Showdown Survivor,trio showdown,all,0.8.15,-1
2026-09-12T13:38:41.042826,chester,draw,135,,0,f5da7256b07f5b01f7497e9506944334a116189821bd5a0fb8b6f7420e8eae33,Showdown Survivor,trio showdown,all,0.8.15,-1
2026-09-12T13:40:04.134120,chester,draw,135,,0,f5da7256b07f5b01f7497e9506944334a116189821bd5a0fb8b6f7420e8eae33,Showdown Survivor,trio showdown,all,0.8.15,-1
2026-09-12T13:42:09.460330,chester,victory,135,,1,f5da7256b07f5b01f7497e9506944334a116189821bd5a0fb8b6f7420e8eae33,Showdown Survivor,trio showdown,all,0.8.15,-1
2026-09-12T13:43:38.280994,chester,victory,135,,2,f5da7256b07f5b01f7497e9506944334a116189821bd5a0fb8b6f7420e8eae33,Showdown Survivor,trio showdown,all,0.8.15,-1
2026-09-12T13:44:19.975375,chester,defeat,135,,0,f5da7256b07f5b01f7497e9506944334a116189821bd5a0fb8b6f7420e8eae33,Showdown Survivor,trio showdown,all,0.8.15,-1
2026-09-12T13:50:06.861693,sam,draw,196,,0,f5da7256b07f5b01f7497e9506944334a116189821bd5a0fb8b6f7420e8eae33,Showdown Survivor,trio showdown,all,0.8.15,-1
2026-09-12T13:51:35.222775,sam,victory,196,,1,f5da7256b07f5b01f7497e9506944334a116189821bd5a0fb8b6f7420e8eae33,Showdown Survivor,trio showdown,all,0.8.15,-1
2026-09-12T13:53:00.428189,sam,victory,196,,2,f5da7256b07f5b01f7497e9506944334a116189821bd5a0fb8b6f7420e8eae33,Showdown Survivor,trio showdown,all,0.8.15,-1
2026-09-12T13:57:03.955255,sam,victory,196,,3,f5da7256b07f5b01f7497e9506944334a116189821bd5a0fb8b6f7420e8eae33,Showdown Survivor,trio showdown,all,0.8.15,-1
2026-09-12T14:00:09.276162,sam,victory,196,,4,f5da7256b07f5b01f7497e9506944334a116189821bd5a0fb8b6f7420e8eae33,Showdown Survivor,trio showdown,all,0.8.15,-1
2026-09-12T14:01:46.351568,sam,victory,196,,5,f5da7256b07f5b01f7497e9506944334a116189821bd5a0fb8b6f7420e8eae33,Showdown Survivor,trio showdown,all,0.8.15,-1
2026-09-12T14:02:43.853614,sam,victory,196,,6,f5da7256b07f5b01f7497e9506944334a116189821bd5a0fb8b6f7420e8eae33,Showdown Survivor,trio showdown,all,0.8.15,-1
2026-09-12T14:09:02.529369,sam,victory,196,,7,f5da7256b07f5b01f7497e9506944334a116189821bd5a0fb8b6f7420e8eae33,Showdown Survivor,trio showdown,all,0.8.15,-1
2026-09-12T14:10:26.786268,sam,draw,196,,7,f5da7256b07f5b01f7497e9506944334a116189821bd5a0fb8b6f7420e8eae33,Showdown Survivor,trio showdown,all,0.8.15,-1
2026-09-12T14:12:00.205269,sam,victory,196,,8,f5da7256b07f5b01f7497e9506944334a116189821bd5a0fb8b6f7420e8eae33,Showdown Survivor,trio showdown,all,0.8.15,-1
2026-09-12T14:13:44.053202,sam,victory,196,,9,f5da7256b07f5b01f7497e9506944334a116189821bd5a0fb8b6f7420e8eae33,Showdown Survivor,trio showdown,all,0.8.15,-1
2026-09-12T14:18:50.348169,sam,victory,196,,10,f5da7256b07f5b01f7497e9506944334a116189821bd5a0fb8b6f7420e8eae33,Showdown Survivor,trio showdown,all,0.8.15,-1
2026-09-12T14:21:06.401213,sam,victory,196,,11,f5da7256b07f5b01f7497e9506944334a116189821bd5a0fb8b6f7420e8eae33,Showdown Survivor,trio showdown,all,0.8.15,-1
2026-09-12T14:22:27.715626,sam,victory,196,,12,f5da7256b07f5b01f7497e9506944334a116189821bd5a0fb8b6f7420e8eae33,Showdown Survivor,trio showdown,all,0.8.15,-1
2026-09-12T14:23:49.246976,sam,draw,196,,12,f5da7256b07f5b01f7497e9506944334a116189821bd5a0fb8b6f7420e8eae33,Showdown Survivor,trio showdown,all,0.8.15,-1
2026-09-12T14:25:06.021014,sam,draw,196,,12,f5da7256b07f5b01f7497e9506944334a116189821bd5a0fb8b6f7420e8eae33,Showdown Survivor,trio showdown,all,0.8.15,-1
2026-09-12T14:27:28.811028,sam,victory,196,,13,f5da7256b07f5b01f7497e9506944334a116189821bd5a0fb8b6f7420e8eae33,Showdown Survivor,trio showdown,all,0.8.15,-1
2026-09-12T14:30:12.103773,sam,victory,196,,14,f5da7256b07f5b01f7497e9506944334a116189821bd5a0fb8b6f7420e8eae33,Showdown Survivor,trio showdown,all,0.8.15,-1
2026-09-12T14:31:43.633494,sam,victory,196,,15,f5da7256b07f5b01f7497e9506944334a116189821bd5a0fb8b6f7420e8eae33,Showdown Survivor,trio showdown,all,0.8.15,-1
2026-09-12T14:32:43.124141,sam,draw,196,,15,f5da7256b07f5b01f7497e9506944334a116189821bd5a0fb8b6f7420e8eae33,Showdown Survivor,trio showdown,all,0.8.15,-1
2026-09-12T14:35:01.942772,sam,victory,196,,16,f5da7256b07f5b01f7497e9506944334a116189821bd5a0fb8b6f7420e8eae33,Showdown Survivor,trio showdown,all,0.8.15,-1
2026-09-12T14:37:18.338787,sam,victory,196,,17,f5da7256b07f5b01f7497e9506944334a116189821bd5a0fb8b6f7420e8eae33,Showdown Survivor,trio showdown,all,0.8.15,-1
2026-09-12T14:38:25.706299,sam,defeat,196,,0,f5da7256b07f5b01f7497e9506944334a116189821bd5a0fb8b6f7420e8eae33,Showdown Survivor,trio showdown,all,0.8.15,-1
2026-09-12T14:59:35.469456,sam,victory,196,,1,f5da7256b07f5b01f7497e9506944334a116189821bd5a0fb8b6f7420e8eae33,Showdown Survivor,trio showdown,all,0.8.15,-1
2026-09-12T15:01:29.170267,sam,victory,196,,2,f5da7256b07f5b01f7497e9506944334a116189821bd5a0fb8b6f7420e8eae33,Showdown Survivor,trio showdown,all,0.8.15,-1
2026-09-12T15:04:16.195003,sam,victory,196,,3,f5da7256b07f5b01f7497e9506944334a116189821bd5a0fb8b6f7420e8eae33,Showdown Survivor,trio showdown,all,0.8.15,-1
2026-09-12T15:07:12.617930,sam,victory,196,,4,f5da7256b07f5b01f7497e9506944334a116189821bd5a0fb8b6f7420e8eae33,Showdown Survivor,trio showdown,all,0.8.15,-1
2026-09-12T15:08:17.400989,sam,victory,196,,5,f5da7256b07f5b01f7497e9506944334a116189821bd5a0fb8b6f7420e8eae33,Showdown Survivor,trio showdown,all,0.8.15,-1
2026-09-12T15:10:32.595627,sam,draw,196,,5,f5da7256b07f5b01f7497e9506944334a116189821bd5a0fb8b6f7420e8eae33,Showdown Survivor,trio showdown,all,0.8.15,-1
2026-09-12T15:12:27.154884,sam,victory,196,,6,f5da7256b07f5b01f7497e9506944334a116189821bd5a0fb8b6f7420e8eae33,Showdown Survivor,trio showdown,all,0.8.15,-1
2026-09-12T15:16:35.251115,surge,defeat,591,,0,f5da7256b07f5b01f7497e9506944334a116189821bd5a0fb8b6f7420e8eae33,Showdown Survivor,trio showdown,all,0.8.15,-1
2026-09-12T15:18:53.455138,surge,victory,591,,1,f5da7256b07f5b01f7497e9506944334a116189821bd5a0fb8b6f7420e8eae33,Showdown Survivor,trio showdown,all,0.8.15,-1
2026-09-12T15:20:57.642959,surge,victory,591,,2,f5da7256b07f5b01f7497e9506944334a116189821bd5a0fb8b6f7420e8eae33,Showdown Survivor,trio showdown,all,0.8.15,-1
2026-09-12T15:22:48.041837,surge,victory,591,,3,f5da7256b07f5b01f7497e9506944334a116189821bd5a0fb8b6f7420e8eae33,Showdown Survivor,trio showdown,all,0.8.15,-1
2026-09-12T15:24:24.552809,surge,defeat,591,,0,f5da7256b07f5b01f7497e9506944334a116189821bd5a0fb8b6f7420e8eae33,Showdown Survivor,trio showdown,all,0.8.15,-1
2026-09-12T15:26:55.488589,surge,victory,591,,1,f5da7256b07f5b01f7497e9506944334a116189821bd5a0fb8b6f7420e8eae33,Showdown Survivor,trio showdown,all,0.8.15,-1
2026-09-12T15:28:56.953514,surge,draw,591,,1,f5da7256b07f5b01f7497e9506944334a116189821bd5a0fb8b6f7420e8eae33,Showdown Survivor,trio showdown,all,0.8.15,-1
2026-09-12T15:31:11.535690,surge,victory,591,,2,f5da7256b07f5b01f7497e9506944334a116189821bd5a0fb8b6f7420e8eae33,Showdown Survivor,trio showdown,all,0.8.15,-1
2026-09-12T15:33:30.458857,surge,victory,591,,3,f5da7256b07f5b01f7497e9506944334a116189821bd5a0fb8b6f7420e8eae33,Showdown Survivor,trio showdown,all,0.8.15,-1
2026-09-12T15:35:36.349386,surge,victory,591,,4,f5da7256b07f5b01f7497e9506944334a116189821bd5a0fb8b6f7420e8eae33,Showdown Survivor,trio showdown,all,0.8.15,-1
2026-09-12T15:38:29.062971,surge,victory,591,,5,f5da7256b07f5b01f7497e9506944334a116189821bd5a0fb8b6f7420e8eae33,Showdown Survivor,trio showdown,all,0.8.15,-1
2026-09-12T15:40:49.202063,surge,victory,591,,6,f5da7256b07f5b01f7497e9506944334a116189821bd5a0fb8b6f7420e8eae33,Showdown Survivor,trio showdown,all,0.8.15,-1
2026-09-12T15:41:50.069012,surge,defeat,591,,0,f5da7256b07f5b01f7497e9506944334a116189821bd5a0fb8b6f7420e8eae33,Showdown Survivor,trio showdown,all,0.8.15,-1
2026-09-12T15:44:15.830768,surge,victory,591,,1,f5da7256b07f5b01f7497e9506944334a116189821bd5a0fb8b6f7420e8eae33,Showdown Survivor,trio showdown,all,0.8.15,-1
2026-09-12T15:45:05.306035,surge,defeat,591,,0,f5da7256b07f5b01f7497e9506944334a116189821bd5a0fb8b6f7420e8eae33,Showdown Survivor,trio showdown,all,0.8.15,-1
2026-09-12T15:47:06.433379,surge,victory,591,,1,f5da7256b07f5b01f7497e9506944334a116189821bd5a0fb8b6f7420e8eae33,Showdown Survivor,trio showdown,all,0.8.15,-1
2026-09-12T15:49:58.255621,surge,victory,591,,2,f5da7256b07f5b01f7497e9506944334a116189821bd5a0fb8b6f7420e8eae33,Showdown Survivor,trio showdown,all,0.8.15,-1
2026-09-12T15:51:46.152899,surge,victory,591,,3,f5da7256b07f5b01f7497e9506944334a116189821bd5a0fb8b6f7420e8eae33,Showdown Survivor,trio showdown,all,0.8.15,-1
2026-09-12T15:54:02.632041,surge,victory,591,,4,f5da7256b07f5b01f7497e9506944334a116189821bd5a0fb8b6f7420e8eae33,Showdown Survivor,trio showdown,all,0.8.15,-1
2026-09-12T15:55:38.472387,surge,victory,591,,5,f5da7256b07f5b01f7497e9506944334a116189821bd5a0fb8b6f7420e8eae33,Showdown Survivor,trio showdown,all,0.8.15,-1
2026-09-12T15:57:39.036905,surge,victory,591,,6,f5da7256b07f5b01f7497e9506944334a116189821bd5a0fb8b6f7420e8eae33,Showdown Survivor,trio showdown,all,0.8.15,-1
2026-09-12T15:59:19.721884,surge,victory,591,,7,f5da7256b07f5b01f7497e9506944334a116189821bd5a0fb8b6f7420e8eae33,Showdown Survivor,trio showdown,all,0.8.15,-1
2026-09-12T16:00:17.578628,surge,defeat,591,,0,f5da7256b07f5b01f7497e9506944334a116189821bd5a0fb8b6f7420e8eae33,Showdown Survivor,trio showdown,all,0.8.15,-1
2026-09-12T16:02:32.513234,surge,victory,591,,1,f5da7256b07f5b01f7497e9506944334a116189821bd5a0fb8b6f7420e8eae33,Showdown Survivor,trio showdown,all,0.8.15,-1
2026-09-12T16:04:06.750864,surge,victory,591,,2,f5da7256b07f5b01f7497e9506944334a116189821bd5a0fb8b6f7420e8eae33,Showdown Survivor,trio showdown,all,0.8.15,-1
2026-09-12T16:05:52.395191,surge,victory,591,,3,f5da7256b07f5b01f7497e9506944334a116189821bd5a0fb8b6f7420e8eae33,Showdown Survivor,trio showdown,all,0.8.15,-1
2026-09-12T16:07:00.944929,surge,defeat,591,,0,f5da7256b07f5b01f7497e9506944334a116189821bd5a0fb8b6f7420e8eae33,Showdown Survivor,trio showdown,all,0.8.15,-1
2026-09-12T16:09:06.214223,surge,draw,591,,0,f5da7256b07f5b01f7497e9506944334a116189821bd5a0fb8b6f7420e8eae33,Showdown Survivor,trio showdown,all,0.8.15,-1
2026-09-12T16:11:12.691457,surge,victory,591,,1,f5da7256b07f5b01f7497e9506944334a116189821bd5a0fb8b6f7420e8eae33,Showdown Survivor,trio showdown,all,0.8.15,-1
2026-09-12T16:12:38.178536,surge,victory,591,,2,f5da7256b07f5b01f7497e9506944334a116189821bd5a0fb8b6f7420e8eae33,Showdown Survivor,trio showdown,all,0.8.15,-1
2026-09-12T16:15:01.237831,surge,victory,591,,3,f5da7256b07f5b01f7497e9506944334a116189821bd5a0fb8b6f7420e8eae33,Showdown Survivor,trio showdown,all,0.8.15,-1
2026-09-12T16:16:54.347989,surge,victory,591,,4,f5da7256b07f5b01f7497e9506944334a116189821bd5a0fb8b6f7420e8eae33,Showdown Survivor,trio showdown,all,0.8.15,-1
2026-09-12T16:18:39.518371,surge,defeat,591,,0,f5da7256b07f5b01f7497e9506944334a116189821bd5a0fb8b6f7420e8eae33,Showdown Survivor,trio showdown,all,0.8.15,-1
2026-09-12T17:13:43.551666,surge,defeat,591,-2,0,f5da7256b07f5b01f7497e9506944334a116189821bd5a0fb8b6f7420e8eae33,Showdown Survivor,trio showdown,all,0.8.15,-1
2026-09-12T17:20:04.741948,surge,victory,589,5,1,f5da7256b07f5b01f7497e9506944334a116189821bd5a0fb8b6f7420e8eae33,Showdown Survivor,trio showdown,all,0.8.15,-1
2026-09-12T17:22:21.095888,surge,victory,594,6,2,f5da7256b07f5b01f7497e9506944334a116189821bd5a0fb8b6f7420e8eae33,Showdown Survivor,trio showdown,all,0.8.15,-1
2026-09-12T17:23:59.854702,surge,victory,600,13,3,f5da7256b07f5b01f7497e9506944334a116189821bd5a0fb8b6f7420e8eae33,Showdown Survivor,trio showdown,all,0.8.15,-1
2026-09-12T17:25:35.845373,surge,draw,613,1,3,f5da7256b07f5b01f7497e9506944334a116189821bd5a0fb8b6f7420e8eae33,Showdown Survivor,trio showdown,all,0.8.15,-1
2026-09-12T17:27:24.687983,surge,victory,614,8,4,f5da7256b07f5b01f7497e9506944334a116189821bd5a0fb8b6f7420e8eae33,Showdown Survivor,trio showdown,all,0.8.15,-1
2026-09-12T17:32:35.559030,surge,victory,622,9,5,f5da7256b07f5b01f7497e9506944334a116189821bd5a0fb8b6f7420e8eae33,Showdown Survivor,trio showdown,all,0.8.15,-1
2026-09-12T17:34:24.515914,surge,defeat,631,-3,0,f5da7256b07f5b01f7497e9506944334a116189821bd5a0fb8b6f7420e8eae33,Showdown Survivor,trio showdown,all,0.8.15,-1
2026-09-12T17:35:23.443363,surge,defeat,628,-3,0,f5da7256b07f5b01f7497e9506944334a116189821bd5a0fb8b6f7420e8eae33,Showdown Survivor,trio showdown,all,0.8.15,-1
2026-09-12T17:37:00.139882,surge,victory,625,11,1,f5da7256b07f5b01f7497e9506944334a116189821bd5a0fb8b6f7420e8eae33,Showdown Survivor,trio showdown,all,0.8.15,-1
2026-09-12T17:41:31.474974,surge,victory,636,12,2,f5da7256b07f5b01f7497e9506944334a116189821bd5a0fb8b6f7420e8eae33,Showdown Survivor,trio showdown,all,0.8.15,-1
2026-09-12T17:43:13.653297,surge,draw,648,1,2,f5da7256b07f5b01f7497e9506944334a116189821bd5a0fb8b6f7420e8eae33,Showdown Survivor,trio showdown,all,0.8.15,-1
2026-09-12T17:45:24.557243,surge,victory,649,7,3,f5da7256b07f5b01f7497e9506944334a116189821bd5a0fb8b6f7420e8eae33,Showdown Survivor,trio showdown,all,0.8.15,-1
2026-09-12T17:47:33.539820,surge,defeat,656,-3,0,f5da7256b07f5b01f7497e9506944334a116189821bd5a0fb8b6f7420e8eae33,Showdown Survivor,trio showdown,all,0.8.15,-1
2026-09-12T17:49:14.923208,surge,victory,653,5,1,f5da7256b07f5b01f7497e9506944334a116189821bd5a0fb8b6f7420e8eae33,Showdown Survivor,trio showdown,all,0.8.15,-1
2026-09-12T17:51:36.607155,surge,victory,658,6,2,f5da7256b07f5b01f7497e9506944334a116189821bd5a0fb8b6f7420e8eae33,Showdown Survivor,trio showdown,all,0.8.15,-1
2026-09-12T17:52:45.149909,surge,draw,664,1,2,f5da7256b07f5b01f7497e9506944334a116189821bd5a0fb8b6f7420e8eae33,Showdown Survivor,trio showdown,all,0.8.15,-1
2026-09-12T17:54:36.076389,surge,draw,665,1,2,f5da7256b07f5b01f7497e9506944334a116189821bd5a0fb8b6f7420e8eae33,Showdown Survivor,trio showdown,all,0.8.15,-1
2026-09-12T17:59:39.126821,surge,victory,901,13,3,f5da7256b07f5b01f7497e9506944334a116189821bd5a0fb8b6f7420e8eae33,Showdown Survivor,trio showdown,all,0.8.15,-1
2026-09-12T18:00:59.121569,surge,victory,914,14,4,f5da7256b07f5b01f7497e9506944334a116189821bd5a0fb8b6f7420e8eae33,Showdown Survivor,trio showdown,all,0.8.15,-1
2026-09-12T18:02:59.781808,surge,draw,928,1,4,f5da7256b07f5b01f7497e9506944334a116189821bd5a0fb8b6f7420e8eae33,Showdown Survivor,trio showdown,all,0.8.15,-1
2026-09-12T18:05:11.429902,surge,victory,929,9,5,f5da7256b07f5b01f7497e9506944334a116189821bd5a0fb8b6f7420e8eae33,Showdown Survivor,trio showdown,all,0.8.15,-1
2026-09-12T18:05:30.326771,surge,victory,938,10,6,f5da7256b07f5b01f7497e9506944334a116189821bd5a0fb8b6f7420e8eae33,Showdown Survivor,trio showdown,all,0.8.15,-1
2026-09-12T18:07:12.786928,surge,victory,948,17,7,f5da7256b07f5b01f7497e9506944334a116189821bd5a0fb8b6f7420e8eae33,Showdown Survivor,trio showdown,all,0.8.15,-1
2026-09-12T18:08:35.781829,surge,draw,965,1,7,f5da7256b07f5b01f7497e9506944334a116189821bd5a0fb8b6f7420e8eae33,Showdown Survivor,trio showdown,all,0.8.15,-1
2026-09-12T18:10:19.611144,surge,victory,966,18,8,f5da7256b07f5b01f7497e9506944334a116189821bd5a0fb8b6f7420e8eae33,Showdown Survivor,trio showdown,all,0.8.15,-1
2026-09-12T18:11:37.083186,surge,draw,984,1,8,f5da7256b07f5b01f7497e9506944334a116189821bd5a0fb8b6f7420e8eae33,Showdown Survivor,trio showdown,all,0.8.15,-1
2026-09-12T18:13:47.351030,surge,victory,985,19,9,f5da7256b07f5b01f7497e9506944334a116189821bd5a0fb8b6f7420e8eae33,Showdown Survivor,trio showdown,all,0.8.15,-1
2026-09-12T18:15:31.429314,surge,victory,1004,14,10,f5da7256b07f5b01f7497e9506944334a116189821bd5a0fb8b6f7420e8eae33,Showdown Survivor,trio showdown,all,0.8.15,-1
2026-09-12T18:18:09.582194,surge,draw,1018,0,10,f5da7256b07f5b01f7497e9506944334a116189821bd5a0fb8b6f7420e8eae33,Showdown Survivor,trio showdown,all,0.8.15,-1
2026-09-12T18:22:29.641752,mandy,victory,229,11,1,f5da7256b07f5b01f7497e9506944334a116189821bd5a0fb8b6f7420e8eae33,Showdown Survivor,trio showdown,all,0.8.15,-1
2026-09-12T18:24:48.179260,mandy,victory,240,6,2,f5da7256b07f5b01f7497e9506944334a116189821bd5a0fb8b6f7420e8eae33,Showdown Survivor,trio showdown,all,0.8.15,-1
2026-09-12T18:25:56.784375,mandy,victory,246,13,3,f5da7256b07f5b01f7497e9506944334a116189821bd5a0fb8b6f7420e8eae33,Showdown Survivor,trio showdown,all,0.8.15,-1
2026-09-12T18:28:04.037069,mandy,victory,259,8,4,f5da7256b07f5b01f7497e9506944334a116189821bd5a0fb8b6f7420e8eae33,Showdown Survivor,trio showdown,all,0.8.15,-1
2026-09-12T18:30:05.913367,mandy,victory,267,9,5,f5da7256b07f5b01f7497e9506944334a116189821bd5a0fb8b6f7420e8eae33,Showdown Survivor,trio showdown,all,0.8.15,-1
2026-09-12T18:32:48.832789,mandy,victory,276,10,6,f5da7256b07f5b01f7497e9506944334a116189821bd5a0fb8b6f7420e8eae33,Showdown Survivor,trio showdown,all,0.8.15,-1
2026-09-12T18:34:51.235837,mandy,victory,286,11,7,f5da7256b07f5b01f7497e9506944334a116189821bd5a0fb8b6f7420e8eae33,Showdown Survivor,trio showdown,all,0.8.15,-1
2026-09-12T18:37:17.323611,mandy,victory,297,18,8,f5da7256b07f5b01f7497e9506944334a116189821bd5a0fb8b6f7420e8eae33,Showdown Survivor,trio showdown,all,0.8.15,-1
2026-09-12T18:39:30.457170,mandy,victory,315,13,9,f5da7256b07f5b01f7497e9506944334a116189821bd5a0fb8b6f7420e8eae33,Showdown Survivor,trio showdown,all,0.8.15,-1
2026-09-12T18:40:30.694248,mandy,victory,328,14,10,f5da7256b07f5b01f7497e9506944334a116189821bd5a0fb8b6f7420e8eae33,Showdown Survivor,trio showdown,all,0.8.15,-1
2026-09-12T18:42:59.615005,mandy,victory,342,15,11,f5da7256b07f5b01f7497e9506944334a116189821bd5a0fb8b6f7420e8eae33,Showdown Survivor,trio showdown,all,0.8.15,-1
2026-09-12T18:45:03.889194,mandy,victory,357,15,12,f5da7256b07f5b01f7497e9506944334a116189821bd5a0fb8b6f7420e8eae33,Showdown Survivor,trio showdown,all,0.8.15,-1
2026-09-12T18:47:26.972273,mandy,victory,372,15,13,f5da7256b07f5b01f7497e9506944334a116189821bd5a0fb8b6f7420e8eae33,Showdown Survivor,trio showdown,all,0.8.15,-1
2026-09-12T18:49:58.052497,mandy,victory,387,15,14,f5da7256b07f5b01f7497e9506944334a116189821bd5a0fb8b6f7420e8eae33,Showdown Survivor,trio showdown,all,0.8.15,-1
2026-09-12T18:51:27.519330,mandy,draw,402,2,14,f5da7256b07f5b01f7497e9506944334a116189821bd5a0fb8b6f7420e8eae33,Showdown Survivor,trio showdown,all,0.8.15,-1
2026-09-12T18:53:48.289953,mandy,victory,404,15,15,f5da7256b07f5b01f7497e9506944334a116189821bd5a0fb8b6f7420e8eae33,Showdown Survivor,trio showdown,all,0.8.15,-1
2026-09-12T18:55:05.566654,mandy,defeat,419,-2,0,f5da7256b07f5b01f7497e9506944334a116189821bd5a0fb8b6f7420e8eae33,Showdown Survivor,trio showdown,all,0.8.15,-1
2026-09-12T18:57:03.686306,mandy,victory,417,5,1,f5da7256b07f5b01f7497e9506944334a116189821bd5a0fb8b6f7420e8eae33,Showdown Survivor,trio showdown,all,0.8.15,-1
2026-09-12T18:59:24.607181,mandy,defeat,422,-2,0,f5da7256b07f5b01f7497e9506944334a116189821bd5a0fb8b6f7420e8eae33,Showdown Survivor,trio showdown,all,0.8.15,-1
2026-09-12T19:01:28.322602,mandy,victory,420,11,1,f5da7256b07f5b01f7497e9506944334a116189821bd5a0fb8b6f7420e8eae33,Showdown Survivor,trio showdown,all,0.8.15,-1
2026-09-12T19:03:41.471232,mandy,draw,431,2,1,f5da7256b07f5b01f7497e9506944334a116189821bd5a0fb8b6f7420e8eae33,Showdown Survivor,trio showdown,all,0.8.15,-1
2026-09-12T19:05:58.769024,mandy,victory,433,12,2,f5da7256b07f5b01f7497e9506944334a116189821bd5a0fb8b6f7420e8eae33,Showdown Survivor,trio showdown,all,0.8.15,-1
2026-09-12T19:08:57.761094,mandy,victory,445,7,3,f5da7256b07f5b01f7497e9506944334a116189821bd5a0fb8b6f7420e8eae33,Showdown Survivor,trio showdown,all,0.8.15,-1
2026-09-12T19:11:03.470808,mandy,draw,452,2,3,f5da7256b07f5b01f7497e9506944334a116189821bd5a0fb8b6f7420e8eae33,Showdown Survivor,trio showdown,all,0.8.15,-1
2026-09-12T19:12:34.378568,mandy,victory,454,14,4,f5da7256b07f5b01f7497e9506944334a116189821bd5a0fb8b6f7420e8eae33,Showdown Survivor,trio showdown,all,0.8.15,-1
2026-09-12T19:16:12.001171,mandy,draw,468,2,4,f5da7256b07f5b01f7497e9506944334a116189821bd5a0fb8b6f7420e8eae33,Showdown Survivor,trio showdown,all,0.8.15,-1
2026-09-12T19:18:28.766601,mandy,victory,470,15,5,f5da7256b07f5b01f7497e9506944334a116189821bd5a0fb8b6f7420e8eae33,Showdown Survivor,trio showdown,all,0.8.15,-1
2026-09-12T19:20:21.096449,mandy,victory,485,10,6,f5da7256b07f5b01f7497e9506944334a116189821bd5a0fb8b6f7420e8eae33,Showdown Survivor,trio showdown,all,0.8.15,-1
2026-09-12T19:22:28.301360,mandy,defeat,495,-2,0,f5da7256b07f5b01f7497e9506944334a116189821bd5a0fb8b6f7420e8eae33,Showdown Survivor,trio showdown,all,0.8.15,-1
2026-09-12T19:24:36.978151,mandy,victory,493,11,1,f5da7256b07f5b01f7497e9506944334a116189821bd5a0fb8b6f7420e8eae33,Showdown Survivor,trio showdown,all,0.8.15,-1
2026-09-12T19:28:14.124763,mandy,victory,504,12,2,f5da7256b07f5b01f7497e9506944334a116189821bd5a0fb8b6f7420e8eae33,Showdown Survivor,trio showdown,all,0.8.15,-1
2026-09-12T19:29:54.932264,mandy,draw,516,1,2,f5da7256b07f5b01f7497e9506944334a116189821bd5a0fb8b6f7420e8eae33,Showdown Survivor,trio showdown,all,0.8.15,-1
2026-09-12T19:32:10.401548,mandy,victory,517,13,3,f5da7256b07f5b01f7497e9506944334a116189821bd5a0fb8b6f7420e8eae33,Showdown Survivor,trio showdown,all,0.8.15,-1
2026-09-12T19:33:57.887301,mandy,draw,530,1,3,f5da7256b07f5b01f7497e9506944334a116189821bd5a0fb8b6f7420e8eae33,Showdown Survivor,trio showdown,all,0.8.15,-1
2026-09-12T19:35:28.795398,mandy,victory,531,14,4,f5da7256b07f5b01f7497e9506944334a116189821bd5a0fb8b6f7420e8eae33,Showdown Survivor,trio showdown,all,0.8.15,-1
2026-09-12T19:37:03.808022,mandy,draw,545,1,4,f5da7256b07f5b01f7497e9506944334a116189821bd5a0fb8b6f7420e8eae33,Showdown Survivor,trio showdown,all,0.8.15,-1
2026-09-12T19:39:33.955323,mandy,victory,546,15,5,f5da7256b07f5b01f7497e9506944334a116189821bd5a0fb8b6f7420e8eae33,Showdown Survivor,trio showdown,all,0.8.15,-1
2026-09-12T19:41:53.392194,mandy,victory,561,10,6,f5da7256b07f5b01f7497e9506944334a116189821bd5a0fb8b6f7420e8eae33,Showdown Survivor,trio showdown,all,0.8.15,-1
2026-09-12T19:47:26.268753,mandy,victory,571,17,7,f5da7256b07f5b01f7497e9506944334a116189821bd5a0fb8b6f7420e8eae33,Showdown Survivor,trio showdown,all,0.8.15,-1
2026-09-12T19:49:24.045366,mandy,defeat,588,-2,0,f5da7256b07f5b01f7497e9506944334a116189821bd5a0fb8b6f7420e8eae33,Showdown Survivor,trio showdown,all,0.8.15,-1
2026-09-12T19:51:13.655416,mandy,victory,586,11,1,f5da7256b07f5b01f7497e9506944334a116189821bd5a0fb8b6f7420e8eae33,Showdown Survivor,trio showdown,all,0.8.15,-1
2026-09-12T19:52:35.624510,mandy,draw,597,1,1,f5da7256b07f5b01f7497e9506944334a116189821bd5a0fb8b6f7420e8eae33,Showdown Survivor,trio showdown,all,0.8.15,-1
2026-09-12T19:55:29.312558,mandy,victory,598,6,2,f5da7256b07f5b01f7497e9506944334a116189821bd5a0fb8b6f7420e8eae33,Showdown Survivor,trio showdown,all,0.8.15,-1
2026-09-12T19:57:12.999105,mandy,victory,604,13,3,f5da7256b07f5b01f7497e9506944334a116189821bd5a0fb8b6f7420e8eae33,Showdown Survivor,trio showdown,all,0.8.15,-1
2026-09-12T19:58:44.447598,mandy,victory,617,8,4,f5da7256b07f5b01f7497e9506944334a116189821bd5a0fb8b6f7420e8eae33,Showdown Survivor,trio showdown,all,0.8.15,-1
2026-09-12T20:00:21.138711,mandy,victory,625,9,5,f5da7256b07f5b01f7497e9506944334a116189821bd5a0fb8b6f7420e8eae33,Showdown Survivor,trio showdown,all,0.8.15,-1
2026-09-12T20:03:44.457750,mandy,victory,634,16,6,f5da7256b07f5b01f7497e9506944334a116189821bd5a0fb8b6f7420e8eae33,Showdown Survivor,trio showdown,all,0.8.15,-1
2026-09-12T20:06:01.068271,mandy,victory,650,17,7,f5da7256b07f5b01f7497e9506944334a116189821bd5a0fb8b6f7420e8eae33,Showdown Survivor,trio showdown,all,0.8.15,-1
2026-09-12T20:09:40.622414,mandy,victory,667,12,8,f5da7256b07f5b01f7497e9506944334a116189821bd5a0fb8b6f7420e8eae33,Showdown Survivor,trio showdown,all,0.8.15,-1
2026-09-12T20:12:05.088033,mandy,victory,679,13,9,f5da7256b07f5b01f7497e9506944334a116189821bd5a0fb8b6f7420e8eae33,Showdown Survivor,trio showdown,all,0.8.15,-1
2026-09-12T20:14:33.135723,mandy,draw,692,1,9,f5da7256b07f5b01f7497e9506944334a116189821bd5a0fb8b6f7420e8eae33,Showdown Survivor,trio showdown,all,0.8.15,-1
2026-09-12T20:15:45.468356,mandy,defeat,693,-3,0,f5da7256b07f5b01f7497e9506944334a116189821bd5a0fb8b6f7420e8eae33,Showdown Survivor,trio showdown,all,0.8.15,-1
2026-09-12T20:18:00.817757,mandy,victory,690,11,1,f5da7256b07f5b01f7497e9506944334a116189821bd5a0fb8b6f7420e8eae33,Showdown Survivor,trio showdown,all,0.8.15,-1
2026-09-12T20:19:12.823980,mandy,defeat,701,-3,0,f5da7256b07f5b01f7497e9506944334a116189821bd5a0fb8b6f7420e8eae33,Showdown Survivor,trio showdown,all,0.8.15,-1
2026-09-12T20:20:32.932075,mandy,victory,698,5,1,f5da7256b07f5b01f7497e9506944334a116189821bd5a0fb8b6f7420e8eae33,Showdown Survivor,trio showdown,all,0.8.15,-1
2026-09-12T20:22:08.781286,mandy,victory,703,12,2,f5da7256b07f5b01f7497e9506944334a116189821bd5a0fb8b6f7420e8eae33,Showdown Survivor,trio showdown,all,0.8.15,-1
2026-09-12T20:22:51.873284,mandy,defeat,715,-3,0,f5da7256b07f5b01f7497e9506944334a116189821bd5a0fb8b6f7420e8eae33,Showdown Survivor,trio showdown,all,0.8.15,-1
2026-09-12T20:24:43.480540,mandy,victory,712,5,1,f5da7256b07f5b01f7497e9506944334a116189821bd5a0fb8b6f7420e8eae33,Showdown Survivor,trio showdown,all,0.8.15,-1
2026-09-12T20:26:06.078000,mandy,defeat,717,-3,0,f5da7256b07f5b01f7497e9506944334a116189821bd5a0fb8b6f7420e8eae33,Showdown Survivor,trio showdown,all,0.8.15,-1
2026-09-12T20:27:13.393030,mandy,draw,714,1,0,f5da7256b07f5b01f7497e9506944334a116189821bd5a0fb8b6f7420e8eae33,Showdown Survivor,trio showdown,all,0.8.15,-1
2026-09-12T20:28:57.127590,mandy,victory,715,11,1,f5da7256b07f5b01f7497e9506944334a116189821bd5a0fb8b6f7420e8eae33,Showdown Survivor,trio showdown,all,0.8.15,-1
2026-09-12T20:30:52.562082,mandy,draw,726,1,1,f5da7256b07f5b01f7497e9506944334a116189821bd5a0fb8b6f7420e8eae33,Showdown Survivor,trio showdown,all,0.8.15,-1
2026-09-12T20:34:30.858263,mandy,victory,727,12,2,f5da7256b07f5b01f7497e9506944334a116189821bd5a0fb8b6f7420e8eae33,Showdown Survivor,trio showdown,all,0.8.15,-1
2026-09-12T20:36:37.011389,mandy,victory,739,13,3,f5da7256b07f5b01f7497e9506944334a116189821bd5a0fb8b6f7420e8eae33,Showdown Survivor,trio showdown,all,0.8.15,-1
2026-09-12T20:37:32.841675,mandy,defeat,752,-3,0,f5da7256b07f5b01f7497e9506944334a116189821bd5a0fb8b6f7420e8eae33,Showdown Survivor,trio showdown,all,0.8.15,-1
2026-09-12T20:38:40.976033,mandy,defeat,749,-3,0,f5da7256b07f5b01f7497e9506944334a116189821bd5a0fb8b6f7420e8eae33,Showdown Survivor,trio showdown,all,0.8.15,-1
2026-09-12T20:40:24.094758,mandy,victory,746,5,1,f5da7256b07f5b01f7497e9506944334a116189821bd5a0fb8b6f7420e8eae33,Showdown Survivor,trio showdown,all,0.8.15,-1
2026-09-12T20:42:11.205353,mandy,victory,751,6,2,f5da7256b07f5b01f7497e9506944334a116189821bd5a0fb8b6f7420e8eae33,Showdown Survivor,trio showdown,all,0.8.15,-1
2026-09-12T20:43:47.464151,mandy,victory,757,7,3,f5da7256b07f5b01f7497e9506944334a116189821bd5a0fb8b6f7420e8eae33,Showdown Survivor,trio showdown,all,0.8.15,-1
2026-09-12T20:45:27.257144,mandy,victory,764,8,4,f5da7256b07f5b01f7497e9506944334a116189821bd5a0fb8b6f7420e8eae33,Showdown Survivor,trio showdown,all,0.8.15,-1
2026-09-12T20:46:42.280662,mandy,defeat,772,-3,0,f5da7256b07f5b01f7497e9506944334a116189821bd5a0fb8b6f7420e8eae33,Showdown Survivor,trio showdown,all,0.8.15,-1
2026-09-12T20:48:37.631881,mandy,victory,769,5,1,f5da7256b07f5b01f7497e9506944334a116189821bd5a0fb8b6f7420e8eae33,Showdown Survivor,trio showdown,all,0.8.15,-1
2026-09-12T22:53:13.510368,mandy,victory,774,12,2,f5da7256b07f5b01f7497e9506944334a116189821bd5a0fb8b6f7420e8eae33,Showdown Survivor,trio showdown,all,0.8.15,-1
2026-09-12T22:54:04.092705,mandy,draw,786,1,2,f5da7256b07f5b01f7497e9506944334a116189821bd5a0fb8b6f7420e8eae33,Showdown Survivor,trio showdown,all,0.8.15,-1
2026-09-12T22:56:20.196183,mandy,victory,787,13,3,f5da7256b07f5b01f7497e9506944334a116189821bd5a0fb8b6f7420e8eae33,Showdown Survivor,trio showdown,all,0.8.15,-1
2026-09-12T22:57:30.087543,mandy,draw,800,1,3,f5da7256b07f5b01f7497e9506944334a116189821bd5a0fb8b6f7420e8eae33,Showdown Survivor,trio showdown,all,0.8.15,-1
2026-09-12T22:58:55.655474,mandy,draw,801,1,3,f5da7256b07f5b01f7497e9506944334a116189821bd5a0fb8b6f7420e8eae33,Showdown Survivor,trio showdown,all,0.8.15,-1
2026-09-12T23:00:50.073054,mandy,victory,802,8,4,f5da7256b07f5b01f7497e9506944334a116189821bd5a0fb8b6f7420e8eae33,Showdown Survivor,trio showdown,all,0.8.15,-1
2026-09-12T23:02:31.688151,mandy,defeat,810,-4,0,f5da7256b07f5b01f7497e9506944334a116189821bd5a0fb8b6f7420e8eae33,Showdown Survivor,trio showdown,all,0.8.15,-1
2026-09-12T23:04:45.401176,mandy,victory,806,5,1,f5da7256b07f5b01f7497e9506944334a116189821bd5a0fb8b6f7420e8eae33,Showdown Survivor,trio showdown,all,0.8.15,-1
2026-09-12T23:07:27.132459,mandy,draw,811,1,1,f5da7256b07f5b01f7497e9506944334a116189821bd5a0fb8b6f7420e8eae33,Showdown Survivor,trio showdown,all,0.8.15,-1
2026-09-12T23:09:26.001941,mandy,victory,812,12,2,f5da7256b07f5b01f7497e9506944334a116189821bd5a0fb8b6f7420e8eae33,Showdown Survivor,trio showdown,all,0.8.15,-1
2026-09-12T23:11:10.893854,mandy,defeat,824,-4,0,f5da7256b07f5b01f7497e9506944334a116189821bd5a0fb8b6f7420e8eae33,Showdown Survivor,trio showdown,all,0.8.15,-1
2026-09-12T23:12:56.096726,mandy,defeat,820,-4,0,f5da7256b07f5b01f7497e9506944334a116189821bd5a0fb8b6f7420e8eae33,Showdown Survivor,trio showdown,all,0.8.15,-1
2026-09-12T23:15:50.358318,mandy,victory,816,11,1,f5da7256b07f5b01f7497e9506944334a116189821bd5a0fb8b6f7420e8eae33,Showdown Survivor,trio showdown,all,0.8.15,-1
2026-09-12T23:18:11.444455,mandy,victory,827,6,2,f5da7256b07f5b01f7497e9506944334a116189821bd5a0fb8b6f7420e8eae33,Showdown Survivor,trio showdown,all,0.8.15,-1
2026-09-12T23:19:45.998275,mandy,draw,833,1,2,f5da7256b07f5b01f7497e9506944334a116189821bd5a0fb8b6f7420e8eae33,Showdown Survivor,trio showdown,all,0.8.15,-1
2026-09-12T23:20:28.822562,mandy,defeat,834,-4,0,f5da7256b07f5b01f7497e9506944334a116189821bd5a0fb8b6f7420e8eae33,Showdown Survivor,trio showdown,all,0.8.15,-1
2026-09-12T23:22:34.809322,mandy,victory,830,11,1,f5da7256b07f5b01f7497e9506944334a116189821bd5a0fb8b6f7420e8eae33,Showdown Survivor,trio showdown,all,0.8.15,-1
2026-09-12T23:24:15.175551,mandy,draw,841,1,1,f5da7256b07f5b01f7497e9506944334a116189821bd5a0fb8b6f7420e8eae33,Showdown Survivor,trio showdown,all,0.8.15,-1
2026-09-12T23:26:16.442678,mandy,draw,842,1,1,f5da7256b07f5b01f7497e9506944334a116189821bd5a0fb8b6f7420e8eae33,Showdown Survivor,trio showdown,all,0.8.15,-1
2026-09-12T23:27:32.036846,mandy,draw,843,1,1,f5da7256b07f5b01f7497e9506944334a116189821bd5a0fb8b6f7420e8eae33,Showdown Survivor,trio showdown,all,0.8.15,-1
2026-09-12T23:29:02.904677,mandy,victory,844,6,2,f5da7256b07f5b01f7497e9506944334a116189821bd5a0fb8b6f7420e8eae33,Showdown Survivor,trio showdown,all,0.8.15,-1
2026-09-12T23:31:54.695298,mandy,victory,850,7,3,f5da7256b07f5b01f7497e9506944334a116189821bd5a0fb8b6f7420e8eae33,Showdown Survivor,trio showdown,all,0.8.15,-1
2026-09-12T23:33:02.959186,mandy,draw,857,1,3,f5da7256b07f5b01f7497e9506944334a116189821bd5a0fb8b6f7420e8eae33,Showdown Survivor,trio showdown,all,0.8.15,-1
2026-09-12T23:35:52.705125,mandy,victory,858,14,4,f5da7256b07f5b01f7497e9506944334a116189821bd5a0fb8b6f7420e8eae33,Showdown Survivor,trio showdown,all,0.8.15,-1
2026-09-12T23:38:02.082509,mandy,draw,872,1,4,f5da7256b07f5b01f7497e9506944334a116189821bd5a0fb8b6f7420e8eae33,Showdown Survivor,trio showdown,all,0.8.15,-1
2026-09-12T23:39:31.332134,mandy,draw,873,1,4,f5da7256b07f5b01f7497e9506944334a116189821bd5a0fb8b6f7420e8eae33,Showdown Survivor,trio showdown,all,0.8.15,-1
2026-09-12T23:41:48.253002,mandy,draw,874,1,4,f5da7256b07f5b01f7497e9506944334a116189821bd5a0fb8b6f7420e8eae33,Showdown Survivor,trio showdown,all,0.8.15,-1
2026-09-12T23:42:58.655993,mandy,defeat,875,-4,0,f5da7256b07f5b01f7497e9506944334a116189821bd5a0fb8b6f7420e8eae33,Showdown Survivor,trio showdown,all,0.8.15,-1
2026-09-12T23:45:23.258080,mandy,draw,871,1,0,f5da7256b07f5b01f7497e9506944334a116189821bd5a0fb8b6f7420e8eae33,Showdown Survivor,trio showdown,all,0.8.15,-1
2026-09-12T23:46:43.188715,mandy,defeat,872,-4,0,f5da7256b07f5b01f7497e9506944334a116189821bd5a0fb8b6f7420e8eae33,Showdown Survivor,trio showdown,all,0.8.15,-1
2026-09-12T23:48:13.654114,mandy,defeat,868,-4,0,f5da7256b07f5b01f7497e9506944334a116189821bd5a0fb8b6f7420e8eae33,Showdown Survivor,trio showdown,all,0.8.15,-1
2026-09-12T23:50:06.190837,mandy,victory,864,5,1,f5da7256b07f5b01f7497e9506944334a116189821bd5a0fb8b6f7420e8eae33,Showdown Survivor,trio showdown,all,0.8.15,-1
2026-09-12T23:52:23.889121,mandy,victory,869,6,2,f5da7256b07f5b01f7497e9506944334a116189821bd5a0fb8b6f7420e8eae33,Showdown Survivor,trio showdown,all,0.8.15,-1
2026-09-12T23:54:41.275656,mandy,draw,875,1,2,f5da7256b07f5b01f7497e9506944334a116189821bd5a0fb8b6f7420e8eae33,Showdown Survivor,trio showdown,all,0.8.15,-1
2026-09-12T23:56:29.432952,mandy,victory,876,7,3,f5da7256b07f5b01f7497e9506944334a116189821bd5a0fb8b6f7420e8eae33,Showdown Survivor,trio showdown,all,0.8.15,-1
2026-09-12T23:58:23.134633,mandy,victory,883,8,4,f5da7256b07f5b01f7497e9506944334a116189821bd5a0fb8b6f7420e8eae33,Showdown Survivor,trio showdown,all,0.8.15,-1
2026-09-12T23:59:27.004562,mandy,defeat,891,-4,0,f5da7256b07f5b01f7497e9506944334a116189821bd5a0fb8b6f7420e8eae33,Showdown Survivor,trio showdown,all,0.8.15,-1
2026-09-13T00:01:23.524200,mandy,draw,887,1,0,f5da7256b07f5b01f7497e9506944334a116189821bd5a0fb8b6f7420e8eae33,Showdown Survivor,trio showdown,all,0.8.15,-1
2026-09-13T00:03:44.848931,mandy,victory,888,5,1,f5da7256b07f5b01f7497e9506944334a116189821bd5a0fb8b6f7420e8eae33,Showdown Survivor,trio showdown,all,0.8.15,-1
2026-09-13T00:05:45.964282,mandy,victory,893,12,2,f5da7256b07f5b01f7497e9506944334a116189821bd5a0fb8b6f7420e8eae33,Showdown Survivor,trio showdown,all,0.8.15,-1
2026-09-13T00:08:13.424268,mandy,victory,905,7,3,f5da7256b07f5b01f7497e9506944334a116189821bd5a0fb8b6f7420e8eae33,Showdown Survivor,trio showdown,all,0.8.15,-1
2026-09-13T00:09:31.596078,mandy,defeat,912,-4,0,f5da7256b07f5b01f7497e9506944334a116189821bd5a0fb8b6f7420e8eae33,Showdown Survivor,trio showdown,all,0.8.15,-1
2026-09-13T00:11:34.714798,mandy,victory,908,5,1,f5da7256b07f5b01f7497e9506944334a116189821bd5a0fb8b6f7420e8eae33,Showdown Survivor,trio showdown,all,0.8.15,-1
2026-09-13T00:13:44.785038,mandy,victory,913,6,2,f5da7256b07f5b01f7497e9506944334a116189821bd5a0fb8b6f7420e8eae33,Showdown Survivor,trio showdown,all,0.8.15,-1
2026-09-13T00:15:13.537727,mandy,victory,919,7,3,f5da7256b07f5b01f7497e9506944334a116189821bd5a0fb8b6f7420e8eae33,Showdown Survivor,trio showdown,all,0.8.15,-1
2026-09-13T00:16:31.261602,mandy,draw,926,1,3,f5da7256b07f5b01f7497e9506944334a116189821bd5a0fb8b6f7420e8eae33,Showdown Survivor,trio showdown,all,0.8.15,-1
2026-09-13T00:18:05.098038,mandy,draw,927,1,3,f5da7256b07f5b01f7497e9506944334a116189821bd5a0fb8b6f7420e8eae33,Showdown Survivor,trio showdown,all,0.8.15,-1
2026-09-13T00:19:59.975221,mandy,victory,928,14,4,f5da7256b07f5b01f7497e9506944334a116189821bd5a0fb8b6f7420e8eae33,Showdown Survivor,trio showdown,all,0.8.15,-1
2026-09-13T00:22:43.050943,mandy,victory,942,9,5,f5da7256b07f5b01f7497e9506944334a116189821bd5a0fb8b6f7420e8eae33,Showdown Survivor,trio showdown,all,0.8.15,-1
2026-09-13T00:24:25.468709,mandy,victory,951,10,6,f5da7256b07f5b01f7497e9506944334a116189821bd5a0fb8b6f7420e8eae33,Showdown Survivor,trio showdown,all,0.8.15,-1
2026-09-13T01:43:37.606256,mandy,draw,961,1,6,f5da7256b07f5b01f7497e9506944334a116189821bd5a0fb8b6f7420e8eae33,Showdown Survivor,trio showdown,all,0.8.15,-1
2026-09-13T01:46:24.526761,mandy,victory,962,11,7,f5da7256b07f5b01f7497e9506944334a116189821bd5a0fb8b6f7420e8eae33,Showdown Survivor,trio showdown,all,0.8.15,-1
2026-09-13T01:47:53.565823,mandy,defeat,973,-4,0,f5da7256b07f5b01f7497e9506944334a116189821bd5a0fb8b6f7420e8eae33,Showdown Survivor,trio showdown,all,0.8.15,-1
2026-09-13T01:50:04.653917,mandy,victory,969,5,1,f5da7256b07f5b01f7497e9506944334a116189821bd5a0fb8b6f7420e8eae33,Showdown Survivor,trio showdown,all,0.8.15,-1
2026-09-13T01:52:43.083027,mandy,draw,974,1,1,f5da7256b07f5b01f7497e9506944334a116189821bd5a0fb8b6f7420e8eae33,Showdown Survivor,trio showdown,all,0.8.15,-1
2026-09-13T01:55:04.060681,mandy,victory,975,12,2,f5da7256b07f5b01f7497e9506944334a116189821bd5a0fb8b6f7420e8eae33,Showdown Survivor,trio showdown,all,0.8.15,-1
2026-09-13T02:04:35.057428,mandy,victory,987,7,3,f5da7256b07f5b01f7497e9506944334a116189821bd5a0fb8b6f7420e8eae33,Showdown Survivor,trio showdown,all,0.8.15,-1
2026-09-13T02:13:17.833670,mandy,defeat,994,-4,0,f5da7256b07f5b01f7497e9506944334a116189821bd5a0fb8b6f7420e8eae33,Showdown Survivor,trio showdown,all,0.8.15,-1
2026-09-13T02:15:35.787677,mandy,draw,990,1,0,f5da7256b07f5b01f7497e9506944334a116189821bd5a0fb8b6f7420e8eae33,Showdown Survivor,trio showdown,all,0.8.15,-1
2026-09-13T02:17:07.687916,mandy,draw,991,1,0,f5da7256b07f5b01f7497e9506944334a116189821bd5a0fb8b6f7420e8eae33,Showdown Survivor,trio showdown,all,0.8.15,-1
2026-09-13T02:19:07.348829,mandy,victory,992,5,1,f5da7256b07f5b01f7497e9506944334a116189821bd5a0fb8b6f7420e8eae33,Showdown Survivor,trio showdown,all,0.8.15,-1
2026-09-13T02:21:44.291568,mandy,victory,997,12,2,f5da7256b07f5b01f7497e9506944334a116189821bd5a0fb8b6f7420e8eae33,Showdown Survivor,trio showdown,all,0.8.15,-1
2026-09-13T02:23:59.013536,ollie,victory,133,11,1,f5da7256b07f5b01f7497e9506944334a116189821bd5a0fb8b6f7420e8eae33,Showdown Survivor,trio showdown,all,0.8.15,-1
2026-09-13T02:25:56.857165,ollie,victory,144,12,2,f5da7256b07f5b01f7497e9506944334a116189821bd5a0fb8b6f7420e8eae33,Showdown Survivor,trio showdown,all,0.8.15,-1
2026-09-13T02:27:16.695256,ollie,victory,156,13,3,f5da7256b07f5b01f7497e9506944334a116189821bd5a0fb8b6f7420e8eae33,Showdown Survivor,trio showdown,all,0.8.15,-1
2026-09-13T02:28:55.644606,ollie,victory,169,8,4,f5da7256b07f5b01f7497e9506944334a116189821bd5a0fb8b6f7420e8eae33,Showdown Survivor,trio showdown,all,0.8.15,-1
2026-09-13T02:30:34.698752,ollie,victory,177,15,5,f5da7256b07f5b01f7497e9506944334a116189821bd5a0fb8b6f7420e8eae33,Showdown Survivor,trio showdown,all,0.8.15,-1
2026-09-13T02:33:17.364376,ollie,victory,192,16,6,f5da7256b07f5b01f7497e9506944334a116189821bd5a0fb8b6f7420e8eae33,Showdown Survivor,trio showdown,all,0.8.15,-1
2026-09-13T02:35:01.770311,ollie,draw,208,2,6,f5da7256b07f5b01f7497e9506944334a116189821bd5a0fb8b6f7420e8eae33,Showdown Survivor,trio showdown,all,0.8.15,-1
2026-09-13T02:36:47.315778,ollie,victory,210,11,7,f5da7256b07f5b01f7497e9506944334a116189821bd5a0fb8b6f7420e8eae33,Showdown Survivor,trio showdown,all,0.8.15,-1
2026-09-13T02:38:20.165044,ollie,draw,221,2,7,f5da7256b07f5b01f7497e9506944334a116189821bd5a0fb8b6f7420e8eae33,Showdown Survivor,trio showdown,all,0.8.15,-1
2026-09-13T02:39:56.337467,ollie,draw,223,2,7,f5da7256b07f5b01f7497e9506944334a116189821bd5a0fb8b6f7420e8eae33,Showdown Survivor,trio showdown,all,0.8.15,-1
2026-09-13T02:41:24.189860,ollie,draw,225,2,7,f5da7256b07f5b01f7497e9506944334a116189821bd5a0fb8b6f7420e8eae33,Showdown Survivor,trio showdown,all,0.8.15,-1
2026-09-13T02:43:02.335028,ollie,draw,227,2,7,f5da7256b07f5b01f7497e9506944334a116189821bd5a0fb8b6f7420e8eae33,Showdown Survivor,trio showdown,all,0.8.15,-1
2026-09-13T02:44:27.218276,ollie,draw,229,2,7,f5da7256b07f5b01f7497e9506944334a116189821bd5a0fb8b6f7420e8eae33,Showdown Survivor,trio showdown,all,0.8.15,-1
2026-09-13T02:46:19.147306,ollie,victory,231,18,8,f5da7256b07f5b01f7497e9506944334a116189821bd5a0fb8b6f7420e8eae33,Showdown Survivor,trio showdown,all,0.8.15,-1
2026-09-13T02:49:49.716130,ollie,defeat,249,-1,0,f5da7256b07f5b01f7497e9506944334a116189821bd5a0fb8b6f7420e8eae33,Showdown Survivor,trio showdown,all,0.8.15,-1
2026-09-13T02:51:57.009639,ollie,victory,248,11,1,f5da7256b07f5b01f7497e9506944334a116189821bd5a0fb8b6f7420e8eae33,Showdown Survivor,trio showdown,all,0.8.15,-1
2026-09-13T02:53:31.579373,ollie,defeat,259,-1,0,f5da7256b07f5b01f7497e9506944334a116189821bd5a0fb8b6f7420e8eae33,Showdown Survivor,trio showdown,all,0.8.15,-1
2026-09-13T02:56:06.093008,ollie,victory,258,11,1,f5da7256b07f5b01f7497e9506944334a116189821bd5a0fb8b6f7420e8eae33,Showdown Survivor,trio showdown,all,0.8.15,-1
2026-09-13T03:05:34.999050,ollie,victory,269,6,2,f5da7256b07f5b01f7497e9506944334a116189821bd5a0fb8b6f7420e8eae33,Showdown Survivor,trio showdown,all,0.8.15,-1
2026-09-13T03:07:22.674658,ollie,victory,275,13,3,f5da7256b07f5b01f7497e9506944334a116189821bd5a0fb8b6f7420e8eae33,Showdown Survivor,trio showdown,all,0.8.15,-1
2026-09-13T03:08:37.681253,ollie,victory,288,14,4,f5da7256b07f5b01f7497e9506944334a116189821bd5a0fb8b6f7420e8eae33,Showdown Survivor,trio showdown,all,0.8.15,-1
2026-09-13T03:10:39.978333,ollie,victory,302,9,5,f5da7256b07f5b01f7497e9506944334a116189821bd5a0fb8b6f7420e8eae33,Showdown Survivor,trio showdown,all,0.8.15,-1
2026-09-13T03:13:24.139522,ollie,victory,311,16,6,f5da7256b07f5b01f7497e9506944334a116189821bd5a0fb8b6f7420e8eae33,Showdown Survivor,trio showdown,all,0.8.15,-1
2026-09-13T03:15:33.733261,ollie,victory,327,11,7,f5da7256b07f5b01f7497e9506944334a116189821bd5a0fb8b6f7420e8eae33,Showdown Survivor,trio showdown,all,0.8.15,-1
2026-09-13T03:17:43.061714,ollie,victory,338,12,8,f5da7256b07f5b01f7497e9506944334a116189821bd5a0fb8b6f7420e8eae33,Showdown Survivor,trio showdown,all,0.8.15,-1
2026-09-13T03:19:22.092833,ollie,draw,350,2,8,f5da7256b07f5b01f7497e9506944334a116189821bd5a0fb8b6f7420e8eae33,Showdown Survivor,trio showdown,all,0.8.15,-1
2026-09-13T03:21:38.365848,ollie,victory,352,13,9,f5da7256b07f5b01f7497e9506944334a116189821bd5a0fb8b6f7420e8eae33,Showdown Survivor,trio showdown,all,0.8.15,-1
2026-09-13T03:22:57.560805,ollie,victory,365,20,10,f5da7256b07f5b01f7497e9506944334a116189821bd5a0fb8b6f7420e8eae33,Showdown Survivor,trio showdown,all,0.8.15,-1
2026-09-13T03:24:09.274742,ollie,defeat,385,-2,0,f5da7256b07f5b01f7497e9506944334a116189821bd5a0fb8b6f7420e8eae33,Showdown Survivor,trio showdown,all,0.8.15,-1
2026-09-13T03:25:53.678509,ollie,defeat,383,-2,0,f5da7256b07f5b01f7497e9506944334a116189821bd5a0fb8b6f7420e8eae33,Showdown Survivor,trio showdown,all,0.8.15,-1
2026-09-13T03:28:10.480074,ollie,victory,381,11,1,f5da7256b07f5b01f7497e9506944334a116189821bd5a0fb8b6f7420e8eae33,Showdown Survivor,trio showdown,all,0.8.15,-1
2026-09-13T03:30:26.057388,ollie,victory,392,6,2,f5da7256b07f5b01f7497e9506944334a116189821bd5a0fb8b6f7420e8eae33,Showdown Survivor,trio showdown,all,0.8.15,-1
2026-09-13T03:31:41.050284,ollie,victory,398,13,3,f5da7256b07f5b01f7497e9506944334a116189821bd5a0fb8b6f7420e8eae33,Showdown Survivor,trio showdown,all,0.8.15,-1
2026-09-13T03:33:15.264794,ollie,victory,411,8,4,f5da7256b07f5b01f7497e9506944334a116189821bd5a0fb8b6f7420e8eae33,Showdown Survivor,trio showdown,all,0.8.15,-1
2026-09-13T03:36:24.396406,ollie,draw,419,2,4,f5da7256b07f5b01f7497e9506944334a116189821bd5a0fb8b6f7420e8eae33,Showdown Survivor,trio showdown,all,0.8.15,-1
2026-09-13T03:38:49.067863,ollie,victory,421,15,5,f5da7256b07f5b01f7497e9506944334a116189821bd5a0fb8b6f7420e8eae33,Showdown Survivor,trio showdown,all,0.8.15,-1
2026-09-13T03:41:11.676170,ollie,defeat,436,-2,0,f5da7256b07f5b01f7497e9506944334a116189821bd5a0fb8b6f7420e8eae33,Showdown Survivor,trio showdown,all,0.8.15,-1
2026-09-13T03:43:26.302451,ollie,victory,434,5,1,f5da7256b07f5b01f7497e9506944334a116189821bd5a0fb8b6f7420e8eae33,Showdown Survivor,trio showdown,all,0.8.15,-1
2026-09-13T03:45:05.816078,ollie,draw,439,2,1,f5da7256b07f5b01f7497e9506944334a116189821bd5a0fb8b6f7420e8eae33,Showdown Survivor,trio showdown,all,0.8.15,-1
2026-09-13T03:47:04.941879,ollie,victory,441,6,2,f5da7256b07f5b01f7497e9506944334a116189821bd5a0fb8b6f7420e8eae33,Showdown Survivor,trio showdown,all,0.8.15,-1
2026-09-13T03:49:26.255912,ollie,victory,447,13,3,f5da7256b07f5b01f7497e9506944334a116189821bd5a0fb8b6f7420e8eae33,Showdown Survivor,trio showdown,all,0.8.15,-1
2026-09-13T03:50:46.804638,ollie,defeat,460,-2,0,f5da7256b07f5b01f7497e9506944334a116189821bd5a0fb8b6f7420e8eae33,Showdown Survivor,trio showdown,all,0.8.15,-1
2026-09-13T03:59:49.325022,ollie,draw,458,2,0,f5da7256b07f5b01f7497e9506944334a116189821bd5a0fb8b6f7420e8eae33,Showdown Survivor,trio showdown,all,0.8.15,-1
2026-09-13T04:01:05.251069,ollie,defeat,460,-2,0,f5da7256b07f5b01f7497e9506944334a116189821bd5a0fb8b6f7420e8eae33,Showdown Survivor,trio showdown,all,0.8.15,-1
2026-09-13T04:03:14.483830,ollie,victory,458,5,1,f5da7256b07f5b01f7497e9506944334a116189821bd5a0fb8b6f7420e8eae33,Showdown Survivor,trio showdown,all,0.8.15,-1
2026-09-13T04:06:47.681752,ollie,draw,463,2,1,f5da7256b07f5b01f7497e9506944334a116189821bd5a0fb8b6f7420e8eae33,Showdown Survivor,trio showdown,all,0.8.15,-1
2026-09-13T04:09:08.186542,ollie,victory,465,12,2,f5da7256b07f5b01f7497e9506944334a116189821bd5a0fb8b6f7420e8eae33,Showdown Survivor,trio showdown,all,0.8.15,-1
2026-09-13T04:11:46.101919,ollie,victory,477,13,3,f5da7256b07f5b01f7497e9506944334a116189821bd5a0fb8b6f7420e8eae33,Showdown Survivor,trio showdown,all,0.8.15,-1
2026-09-13T04:13:35.560889,ollie,draw,490,2,3,f5da7256b07f5b01f7497e9506944334a116189821bd5a0fb8b6f7420e8eae33,Showdown Survivor,trio showdown,all,0.8.15,-1
2026-09-13T04:16:10.357258,ollie,victory,492,8,4,f5da7256b07f5b01f7497e9506944334a116189821bd5a0fb8b6f7420e8eae33,Showdown Survivor,trio showdown,all,0.8.15,-1
2026-09-13T04:26:10.024386,ollie,victory,500,9,5,f5da7256b07f5b01f7497e9506944334a116189821bd5a0fb8b6f7420e8eae33,Showdown Survivor,trio showdown,all,0.8.15,-1
2026-09-13T04:28:00.329632,ollie,draw,509,1,5,f5da7256b07f5b01f7497e9506944334a116189821bd5a0fb8b6f7420e8eae33,Showdown Survivor,trio showdown,all,0.8.15,-1
2026-09-13T04:29:01.543696,ollie,defeat,510,-2,0,f5da7256b07f5b01f7497e9506944334a116189821bd5a0fb8b6f7420e8eae33,Showdown Survivor,trio showdown,all,0.8.15,-1
2026-09-13T04:30:33.147997,ollie,defeat,508,-2,0,f5da7256b07f5b01f7497e9506944334a116189821bd5a0fb8b6f7420e8eae33,Showdown Survivor,trio showdown,all,0.8.15,-1
2026-09-13T04:32:19.837436,ollie,victory,506,5,1,f5da7256b07f5b01f7497e9506944334a116189821bd5a0fb8b6f7420e8eae33,Showdown Survivor,trio showdown,all,0.8.15,-1
2026-09-13T04:35:08.265779,ollie,defeat,511,-2,0,f5da7256b07f5b01f7497e9506944334a116189821bd5a0fb8b6f7420e8eae33,Showdown Survivor,trio showdown,all,0.8.15,-1
2026-09-13T04:36:29.740376,ollie,victory,509,11,1,f5da7256b07f5b01f7497e9506944334a116189821bd5a0fb8b6f7420e8eae33,Showdown Survivor,trio showdown,all,0.8.15,-1
2026-09-13T04:38:17.346191,ollie,victory,520,12,2,f5da7256b07f5b01f7497e9506944334a116189821bd5a0fb8b6f7420e8eae33,Showdown Survivor,trio showdown,all,0.8.15,-1
2026-09-13T04:40:04.804778,ollie,victory,532,7,3,f5da7256b07f5b01f7497e9506944334a116189821bd5a0fb8b6f7420e8eae33,Showdown Survivor,trio showdown,all,0.8.15,-1
2026-09-13T04:42:42.746519,ollie,victory,539,8,4,f5da7256b07f5b01f7497e9506944334a116189821bd5a0fb8b6f7420e8eae33,Showdown Survivor,trio showdown,all,0.8.15,-1
2026-09-13T04:45:00.751707,ollie,victory,547,9,5,f5da7256b07f5b01f7497e9506944334a116189821bd5a0fb8b6f7420e8eae33,Showdown Survivor,trio showdown,all,0.8.15,-1
2026-09-13T04:46:46.214442,ollie,defeat,556,-2,0,f5da7256b07f5b01f7497e9506944334a116189821bd5a0fb8b6f7420e8eae33,Showdown Survivor,trio showdown,all,0.8.15,-1
2026-09-13T04:48:29.446144,ollie,victory,554,5,1,f5da7256b07f5b01f7497e9506944334a116189821bd5a0fb8b6f7420e8eae33,Showdown Survivor,trio showdown,all,0.8.15,-1
2026-09-13T04:50:06.364074,ollie,draw,559,1,1,f5da7256b07f5b01f7497e9506944334a116189821bd5a0fb8b6f7420e8eae33,Showdown Survivor,trio showdown,all,0.8.15,-1
2026-09-13T04:52:01.264144,ollie,victory,560,6,2,f5da7256b07f5b01f7497e9506944334a116189821bd5a0fb8b6f7420e8eae33,Showdown Survivor,trio showdown,all,0.8.15,-1
2026-09-13T04:54:23.623009,ollie,defeat,566,-2,0,f5da7256b07f5b01f7497e9506944334a116189821bd5a0fb8b6f7420e8eae33,Showdown Survivor,trio showdown,all,0.8.15,-1
2026-09-13T04:57:05.294978,ollie,victory,564,11,1,f5da7256b07f5b01f7497e9506944334a116189821bd5a0fb8b6f7420e8eae33,Showdown Survivor,trio showdown,all,0.8.15,-1
2026-09-13T04:59:00.500094,ollie,victory,575,12,2,f5da7256b07f5b01f7497e9506944334a116189821bd5a0fb8b6f7420e8eae33,Showdown Survivor,trio showdown,all,0.8.15,-1
2026-09-13T05:00:26.811561,ollie,defeat,587,-2,0,f5da7256b07f5b01f7497e9506944334a116189821bd5a0fb8b6f7420e8eae33,Showdown Survivor,trio showdown,all,0.8.15,-1
2026-09-13T05:03:10.649149,ollie,victory,585,5,1,f5da7256b07f5b01f7497e9506944334a116189821bd5a0fb8b6f7420e8eae33,Showdown Survivor,trio showdown,all,0.8.15,-1
2026-09-13T05:05:17.983993,ollie,defeat,590,-2,0,f5da7256b07f5b01f7497e9506944334a116189821bd5a0fb8b6f7420e8eae33,Showdown Survivor,trio showdown,all,0.8.15,-1
2026-09-13T05:08:06.745291,ollie,victory,588,11,1,f5da7256b07f5b01f7497e9506944334a116189821bd5a0fb8b6f7420e8eae33,Showdown Survivor,trio showdown,all,0.8.15,-1
2026-09-13T05:10:16.221496,ollie,defeat,599,-2,0,f5da7256b07f5b01f7497e9506944334a116189821bd5a0fb8b6f7420e8eae33,Showdown Survivor,trio showdown,all,0.8.15,-1
2026-09-13T05:12:00.800916,ollie,defeat,597,-2,0,f5da7256b07f5b01f7497e9506944334a116189821bd5a0fb8b6f7420e8eae33,Showdown Survivor,trio showdown,all,0.8.15,-1
2026-09-13T05:14:43.387146,ollie,draw,595,1,0,f5da7256b07f5b01f7497e9506944334a116189821bd5a0fb8b6f7420e8eae33,Showdown Survivor,trio showdown,all,0.8.15,-1
2026-09-13T05:17:48.110374,ollie,victory,596,11,1,f5da7256b07f5b01f7497e9506944334a116189821bd5a0fb8b6f7420e8eae33,Showdown Survivor,trio showdown,all,0.8.15,-1
2026-09-13T05:21:25.743130,ollie,victory,607,6,2,f5da7256b07f5b01f7497e9506944334a116189821bd5a0fb8b6f7420e8eae33,Showdown Survivor,trio showdown,all,0.8.15,-1
2026-09-13T05:23:18.244559,ollie,draw,613,1,2,f5da7256b07f5b01f7497e9506944334a116189821bd5a0fb8b6f7420e8eae33,Showdown Survivor,trio showdown,all,0.8.15,-1
2026-09-13T05:25:04.915538,ollie,defeat,614,-3,0,f5da7256b07f5b01f7497e9506944334a116189821bd5a0fb8b6f7420e8eae33,Showdown Survivor,trio showdown,all,0.8.15,-1
2026-09-13T05:26:58.393298,ollie,victory,611,5,1,f5da7256b07f5b01f7497e9506944334a116189821bd5a0fb8b6f7420e8eae33,Showdown Survivor,trio showdown,all,0.8.15,-1
2026-09-13T05:29:23.077632,ollie,victory,616,6,2,f5da7256b07f5b01f7497e9506944334a116189821bd5a0fb8b6f7420e8eae33,Showdown Survivor,trio showdown,all,0.8.15,-1
2026-09-13T05:31:38.256721,ollie,victory,622,13,3,f5da7256b07f5b01f7497e9506944334a116189821bd5a0fb8b6f7420e8eae33,Showdown Survivor,trio showdown,all,0.8.15,-1
2026-09-13T05:33:33.693062,ollie,victory,635,14,4,f5da7256b07f5b01f7497e9506944334a116189821bd5a0fb8b6f7420e8eae33,Showdown Survivor,trio showdown,all,0.8.15,-1
2026-09-13T05:34:44.681375,ollie,defeat,649,-3,0,f5da7256b07f5b01f7497e9506944334a116189821bd5a0fb8b6f7420e8eae33,Showdown Survivor,trio showdown,all,0.8.15,-1
2026-09-13T05:36:23.941535,ollie,defeat,646,-3,0,f5da7256b07f5b01f7497e9506944334a116189821bd5a0fb8b6f7420e8eae33,Showdown Survivor,trio showdown,all,0.8.15,-1
2026-09-13T05:38:06.494201,ollie,draw,643,1,0,f5da7256b07f5b01f7497e9506944334a116189821bd5a0fb8b6f7420e8eae33,Showdown Survivor,trio showdown,all,0.8.15,-1
2026-09-13T05:39:32.889071,ollie,draw,644,1,0,f5da7256b07f5b01f7497e9506944334a116189821bd5a0fb8b6f7420e8eae33,Showdown Survivor,trio showdown,all,0.8.15,-1
2026-09-13T05:41:59.641731,ollie,victory,645,11,1,f5da7256b07f5b01f7497e9506944334a116189821bd5a0fb8b6f7420e8eae33,Showdown Survivor,trio showdown,all,0.8.15,-1
2026-09-13T05:44:51.409260,ollie,victory,656,12,2,f5da7256b07f5b01f7497e9506944334a116189821bd5a0fb8b6f7420e8eae33,Showdown Survivor,trio showdown,all,0.8.15,-1
2026-09-13T05:46:33.168567,ollie,draw,668,1,2,f5da7256b07f5b01f7497e9506944334a116189821bd5a0fb8b6f7420e8eae33,Showdown Survivor,trio showdown,all,0.8.15,-1
2026-09-13T05:49:30.163803,ollie,victory,669,7,3,f5da7256b07f5b01f7497e9506944334a116189821bd5a0fb8b6f7420e8eae33,Showdown Survivor,trio showdown,all,0.8.15,-1
2026-09-13T05:50:58.188410,ollie,draw,676,1,3,f5da7256b07f5b01f7497e9506944334a116189821bd5a0fb8b6f7420e8eae33,Showdown Survivor,trio showdown,all,0.8.15,-1
2026-09-13T05:52:08.973632,ollie,defeat,677,-3,0,f5da7256b07f5b01f7497e9506944334a116189821bd5a0fb8b6f7420e8eae33,Showdown Survivor,trio showdown,all,0.8.15,-1
2026-09-13T05:53:51.166002,ollie,draw,674,1,0,f5da7256b07f5b01f7497e9506944334a116189821bd5a0fb8b6f7420e8eae33,Showdown Survivor,trio showdown,all,0.8.15,-1
2026-09-13T05:55:54.713748,ollie,draw,675,1,0,f5da7256b07f5b01f7497e9506944334a116189821bd5a0fb8b6f7420e8eae33,Showdown Survivor,trio showdown,all,0.8.15,-1
2026-09-13T05:57:48.845055,ollie,victory,676,5,1,f5da7256b07f5b01f7497e9506944334a116189821bd5a0fb8b6f7420e8eae33,Showdown Survivor,trio showdown,all,0.8.15,-1
2026-09-13T05:58:51.661599,ollie,defeat,681,-3,0,f5da7256b07f5b01f7497e9506944334a116189821bd5a0fb8b6f7420e8eae33,Showdown Survivor,trio showdown,all,0.8.15,-1
2026-09-13T06:02:06.041426,ollie,victory,678,11,1,f5da7256b07f5b01f7497e9506944334a116189821bd5a0fb8b6f7420e8eae33,Showdown Survivor,trio showdown,all,0.8.15,-1
2026-09-13T06:03:13.280191,ollie,defeat,689,-3,0,f5da7256b07f5b01f7497e9506944334a116189821bd5a0fb8b6f7420e8eae33,Showdown Survivor,trio showdown,all,0.8.15,-1
2026-09-13T06:04:22.130674,ollie,draw,686,1,0,f5da7256b07f5b01f7497e9506944334a116189821bd5a0fb8b6f7420e8eae33,Showdown Survivor,trio showdown,all,0.8.15,-1
2026-09-13T06:06:07.939273,ollie,victory,687,5,1,f5da7256b07f5b01f7497e9506944334a116189821bd5a0fb8b6f7420e8eae33,Showdown Survivor,trio showdown,all,0.8.15,-1
2026-09-13T06:07:24.186919,ollie,defeat,692,-3,0,f5da7256b07f5b01f7497e9506944334a116189821bd5a0fb8b6f7420e8eae33,Showdown Survivor,trio showdown,all,0.8.15,-1
2026-09-13T06:09:45.386674,ollie,victory,689,11,1,f5da7256b07f5b01f7497e9506944334a116189821bd5a0fb8b6f7420e8eae33,Showdown Survivor,trio showdown,all,0.8.15,-1
2026-09-13T06:18:36.786193,ollie,victory,700,6,2,f5da7256b07f5b01f7497e9506944334a116189821bd5a0fb8b6f7420e8eae33,Showdown Survivor,trio showdown,all,0.8.15,-1
2026-09-13T06:20:53.797632,ollie,defeat,706,-3,0,f5da7256b07f5b01f7497e9506944334a116189821bd5a0fb8b6f7420e8eae33,Showdown Survivor,trio showdown,all,0.8.15,-1
2026-09-13T06:22:43.046993,ollie,victory,703,5,1,f5da7256b07f5b01f7497e9506944334a116189821bd5a0fb8b6f7420e8eae33,Showdown Survivor,trio showdown,all,0.8.15,-1
2026-09-13T06:25:24.676667,ollie,victory,708,12,2,f5da7256b07f5b01f7497e9506944334a116189821bd5a0fb8b6f7420e8eae33,Showdown Survivor,trio showdown,all,0.8.15,-1
2026-09-13T06:28:18.297758,ollie,victory,720,7,3,f5da7256b07f5b01f7497e9506944334a116189821bd5a0fb8b6f7420e8eae33,Showdown Survivor,trio showdown,all,0.8.15,-1
2026-09-13T06:29:54.537553,ollie,draw,727,1,3,f5da7256b07f5b01f7497e9506944334a116189821bd5a0fb8b6f7420e8eae33,Showdown Survivor,trio showdown,all,0.8.15,-1
2026-09-13T06:31:35.133655,ollie,defeat,728,-3,0,f5da7256b07f5b01f7497e9506944334a116189821bd5a0fb8b6f7420e8eae33,Showdown Survivor,trio showdown,all,0.8.15,-1
2026-09-13T06:32:50.298496,ollie,defeat,725,-3,0,f5da7256b07f5b01f7497e9506944334a116189821bd5a0fb8b6f7420e8eae33,Showdown Survivor,trio showdown,all,0.8.15,-1
2026-09-13T06:34:19.245959,ollie,defeat,722,-3,0,f5da7256b07f5b01f7497e9506944334a116189821bd5a0fb8b6f7420e8eae33,Showdown Survivor,trio showdown,all,0.8.15,-1
2026-09-13T06:35:38.712614,ollie,defeat,719,-3,0,f5da7256b07f5b01f7497e9506944334a116189821bd5a0fb8b6f7420e8eae33,Showdown Survivor,trio showdown,all,0.8.15,-1
2026-09-13T06:37:42.920386,ollie,defeat,716,-3,0,f5da7256b07f5b01f7497e9506944334a116189821bd5a0fb8b6f7420e8eae33,Showdown Survivor,trio showdown,all,0.8.15,-1
2026-09-13T06:39:09.099750,ollie,draw,713,1,0,f5da7256b07f5b01f7497e9506944334a116189821bd5a0fb8b6f7420e8eae33,Showdown Survivor,trio showdown,all,0.8.15,-1
2026-09-13T06:41:13.973395,ollie,victory,714,11,1,f5da7256b07f5b01f7497e9506944334a116189821bd5a0fb8b6f7420e8eae33,Showdown Survivor,trio showdown,all,0.8.15,-1
2026-09-13T06:44:10.815595,ollie,victory,725,6,2,f5da7256b07f5b01f7497e9506944334a116189821bd5a0fb8b6f7420e8eae33,Showdown Survivor,trio showdown,all,0.8.15,-1
2026-09-13T06:46:40.937413,ollie,draw,731,1,2,f5da7256b07f5b01f7497e9506944334a116189821bd5a0fb8b6f7420e8eae33,Showdown Survivor,trio showdown,all,0.8.15,-1
2026-09-13T06:48:36.389498,ollie,victory,732,13,3,f5da7256b07f5b01f7497e9506944334a116189821bd5a0fb8b6f7420e8eae33,Showdown Survivor,trio showdown,all,0.8.15,-1
2026-09-13T06:50:01.468220,ollie,draw,745,1,3,f5da7256b07f5b01f7497e9506944334a116189821bd5a0fb8b6f7420e8eae33,Showdown Survivor,trio showdown,all,0.8.15,-1
